t3,very_high_precision,very_high_recall,high_recall
5.0,0.3287671232876712,0.96,0.047619047619047616
5.0165153537105285,0.3333333333333333,0.96,0.06349206349206349
5.033030707421057,0.3333333333333333,0.96,0.06349206349206349
5.049546061131586,0.3333333333333333,0.96,0.06349206349206349
5.066061414842115,0.3380281690140845,0.96,0.07936507936507936
5.082576768552643,0.34285714285714286,0.96,0.07936507936507936
5.099092122263172,0.34285714285714286,0.96,0.07936507936507936
5.1156074759737,0.34782608695652173,0.96,0.09523809523809523
5.132122829684229,0.34782608695652173,0.96,0.09523809523809523
5.148638183394758,0.34782608695652173,0.96,0.09523809523809523
5.165153537105287,0.36363636363636365,0.96,0.1111111111111111
5.181668890815815,0.36363636363636365,0.96,0.1111111111111111
5.1981842445263435,0.36363636363636365,0.96,0.1111111111111111
5.214699598236872,0.36363636363636365,0.96,0.1111111111111111
5.2312149519474005,0.36363636363636365,0.96,0.1111111111111111
5.24773030565793,0.36363636363636365,0.96,0.1111111111111111
5.264245659368458,0.36923076923076925,0.96,0.12698412698412698
5.280761013078987,0.375,0.96,0.14285714285714285
5.297276366789515,0.375,0.96,0.14285714285714285
5.313791720500044,0.38095238095238093,0.96,0.15873015873015872
5.330307074210573,0.3870967741935484,0.96,0.15873015873015872
5.346822427921102,0.3870967741935484,0.96,0.15873015873015872
5.36333778163163,0.39344262295081966,0.96,0.15873015873015872
5.379853135342159,0.39344262295081966,0.96,0.15873015873015872
5.396368489052687,0.39344262295081966,0.96,0.15873015873015872
5.412883842763216,0.4067796610169492,0.96,0.15873015873015872
5.429399196473745,0.4067796610169492,0.96,0.15873015873015872
5.445914550184273,0.40350877192982454,0.92,0.1746031746031746
5.462429903894802,0.41818181818181815,0.92,0.19047619047619047
5.47894525760533,0.42592592592592593,0.92,0.19047619047619047
5.495460611315859,0.45098039215686275,0.92,0.23809523809523808
5.511975965026388,0.45098039215686275,0.92,0.23809523809523808
5.528491318736917,0.46,0.92,0.25396825396825395
5.545006672447445,0.46,0.92,0.25396825396825395
5.561522026157974,0.46,0.92,0.25396825396825395
5.578037379868502,0.4489795918367347,0.88,0.25396825396825395
5.594552733579031,0.4489795918367347,0.88,0.25396825396825395
5.61106808728956,0.4489795918367347,0.88,0.25396825396825395
5.6275834410000884,0.4489795918367347,0.88,0.25396825396825395
5.644098794710617,0.4489795918367347,0.88,0.25396825396825395
5.660614148421145,0.4489795918367347,0.88,0.25396825396825395
5.677129502131674,0.4489795918367347,0.88,0.25396825396825395
5.693644855842203,0.4489795918367347,0.88,0.25396825396825395
5.710160209552732,0.4489795918367347,0.88,0.25396825396825395
5.72667556326326,0.4489795918367347,0.88,0.25396825396825395
5.743190916973789,0.4489795918367347,0.88,0.25396825396825395
5.759706270684317,0.4489795918367347,0.88,0.25396825396825395
5.7762216243948465,0.4489795918367347,0.88,0.25396825396825395
5.792736978105375,0.4489795918367347,0.88,0.25396825396825395
5.8092523318159035,0.4583333333333333,0.88,0.2698412698412698
5.825767685526432,0.45652173913043476,0.84,0.2857142857142857
5.8422830392369605,0.45652173913043476,0.84,0.2857142857142857
5.858798392947489,0.4666666666666667,0.84,0.30158730158730157
5.875313746658017,0.4883720930232558,0.84,0.31746031746031744
5.891829100368547,0.4883720930232558,0.84,0.31746031746031744
5.908344454079075,0.4883720930232558,0.84,0.31746031746031744
5.924859807789604,0.5,0.84,0.3333333333333333
5.941375161500132,0.5,0.8,0.3333333333333333
5.957890515210661,0.5,0.8,0.3333333333333333
5.97440586892119,0.5128205128205128,0.8,0.3492063492063492
5.990921222631719,0.5128205128205128,0.8,0.3492063492063492
6.007436576342247,0.5128205128205128,0.8,0.3492063492063492
6.0239519300527755,0.5263157894736842,0.8,0.3492063492063492
6.040467283763304,0.5135135135135135,0.76,0.3492063492063492
6.056982637473833,0.5135135135135135,0.76,0.3492063492063492
6.073497991184362,0.5277777777777778,0.76,0.3492063492063492
6.09001334489489,0.5428571428571428,0.76,0.36507936507936506
6.106528698605419,0.5428571428571428,0.76,0.36507936507936506
6.123044052315947,0.5428571428571428,0.76,0.36507936507936506
6.139559406026477,0.5428571428571428,0.76,0.36507936507936506
6.156074759737004,0.5428571428571428,0.76,0.36507936507936506
6.172590113447534,0.5428571428571428,0.76,0.36507936507936506
6.189105467158062,0.5588235294117647,0.76,0.38095238095238093
6.205620820868591,0.5588235294117647,0.76,0.38095238095238093
6.222136174579119,0.5588235294117647,0.76,0.38095238095238093
6.2386515282896475,0.5588235294117647,0.76,0.38095238095238093
6.255166882000177,0.5757575757575758,0.76,0.3968253968253968
6.271682235710705,0.5757575757575758,0.76,0.3968253968253968
6.288197589421234,0.5757575757575758,0.76,0.3968253968253968
6.304712943131762,0.59375,0.76,0.4126984126984127
6.321228296842291,0.6333333333333333,0.76,0.4444444444444444
6.33774365055282,0.6333333333333333,0.76,0.4444444444444444
6.354259004263349,0.6333333333333333,0.76,0.4444444444444444
6.370774357973877,0.6333333333333333,0.76,0.4444444444444444
6.387289711684406,0.6551724137931034,0.76,0.4603174603174603
6.403805065394934,0.6551724137931034,0.76,0.4603174603174603
6.4203204191054635,0.7307692307692307,0.76,0.5079365079365079
6.436835772815992,0.7307692307692307,0.76,0.5079365079365079
6.45335112652652,0.7916666666666666,0.76,0.5238095238095238
6.469866480237049,0.7916666666666666,0.76,0.5238095238095238
6.486381833947577,0.782608695652174,0.72,0.5238095238095238
6.502897187658106,0.7727272727272727,0.68,0.5238095238095238
6.519412541368634,0.8,0.64,0.5396825396825397
6.535927895079164,0.7894736842105263,0.6,0.5396825396825397
6.552443248789692,0.7777777777777778,0.56,0.5396825396825397
6.568958602500221,0.7647058823529411,0.52,0.5396825396825397
6.585473956210749,0.7647058823529411,0.52,0.5396825396825397
6.601989309921278,0.7647058823529411,0.52,0.5396825396825397
6.618504663631807,0.7647058823529411,0.52,0.5396825396825397
6.6350200173423355,0.7647058823529411,0.52,0.5396825396825397
6.651535371052864,0.7647058823529411,0.52,0.5396825396825397
6.6680507247633924,0.7647058823529411,0.52,0.5396825396825397
6.684566078473921,0.8125,0.52,0.5555555555555556
6.70108143218445,0.8125,0.52,0.5555555555555556
6.717596785894979,0.8125,0.52,0.5555555555555556
6.734112139605507,0.8125,0.52,0.5555555555555556
6.750627493316036,0.8125,0.52,0.5555555555555556
6.767142847026564,0.8125,0.52,0.5555555555555556
6.783658200737094,0.8125,0.52,0.5555555555555556
6.800173554447621,0.8125,0.52,0.5555555555555556
6.8166889081581505,0.8125,0.52,0.5555555555555556
6.833204261868679,0.8125,0.52,0.5555555555555556
6.8497196155792075,0.8125,0.52,0.5555555555555556
6.866234969289736,0.8125,0.52,0.5555555555555556
6.8827503230002645,0.8125,0.52,0.5555555555555556
6.899265676710794,0.8,0.48,0.5555555555555556
6.915781030421322,0.7857142857142857,0.44,0.5555555555555556
6.932296384131851,0.7857142857142857,0.44,0.5555555555555556
6.948811737842379,0.7857142857142857,0.44,0.5555555555555556
6.965327091552908,0.7857142857142857,0.44,0.5555555555555556
6.981842445263437,0.7857142857142857,0.44,0.5555555555555556
6.998357798973966,0.7857142857142857,0.44,0.5555555555555556
7.014873152684494,0.7857142857142857,0.44,0.5555555555555556
7.0313885063950226,0.7857142857142857,0.44,0.5555555555555556
7.047903860105551,0.7857142857142857,0.44,0.5555555555555556
7.06441921381608,0.7692307692307693,0.4,0.5555555555555556
7.080934567526608,0.7692307692307693,0.4,0.5555555555555556
7.097449921237137,0.7692307692307693,0.4,0.5555555555555556
7.113965274947666,0.7692307692307693,0.4,0.5555555555555556
7.130480628658194,0.75,0.36,0.5555555555555556
7.146995982368724,0.75,0.36,0.5555555555555556
7.163511336079251,0.75,0.36,0.5555555555555556
7.180026689789781,0.75,0.36,0.5555555555555556
7.196542043500309,0.75,0.36,0.5555555555555556
7.213057397210838,0.8181818181818182,0.36,0.5714285714285714
7.229572750921367,0.8181818181818182,0.36,0.5714285714285714
7.246088104631895,0.8888888888888888,0.32,0.5873015873015873
7.262603458342424,0.8888888888888888,0.32,0.5873015873015873
7.279118812052952,1.0,0.28,0.6031746031746031
7.295634165763481,1.0,0.24,0.6031746031746031
7.312149519474009,1.0,0.24,0.6031746031746031
7.328664873184538,1.0,0.24,0.6031746031746031
7.345180226895067,1.0,0.24,0.6031746031746031
7.361695580605595,1.0,0.24,0.6031746031746031
7.378210934316124,1.0,0.2,0.6031746031746031
7.394726288026653,1.0,0.2,0.6031746031746031
7.411241641737181,1.0,0.2,0.6031746031746031
7.4277569954477105,1.0,0.2,0.6031746031746031
7.444272349158238,1.0,0.2,0.6031746031746031
7.4607877028687675,1.0,0.2,0.6031746031746031
7.477303056579296,1.0,0.2,0.6031746031746031
7.493818410289824,1.0,0.16,0.6031746031746031
7.510333764000354,1.0,0.12,0.6031746031746031
7.526849117710881,1.0,0.12,0.6031746031746031
7.543364471421411,1.0,0.12,0.6031746031746031
7.559879825131939,1.0,0.12,0.6031746031746031
7.576395178842468,1.0,0.12,0.6031746031746031
7.592910532552996,1.0,0.12,0.6031746031746031
7.609425886263525,1.0,0.12,0.6031746031746031
7.625941239974054,1.0,0.12,0.6031746031746031
7.6424565936845825,1.0,0.12,0.6031746031746031
7.658971947395111,1.0,0.12,0.6031746031746031
7.6754873011056395,1.0,0.12,0.6031746031746031
7.692002654816168,1.0,0.12,0.6031746031746031
7.708518008526697,1.0,0.08,0.6031746031746031
7.725033362237225,1.0,0.04,0.6031746031746031
7.741548715947754,1.0,0.04,0.6031746031746031
7.758064069658283,0.0,0.0,0.6031746031746031
7.774579423368811,0.0,0.0,0.6031746031746031
7.791094777079341,0.0,0.0,0.6031746031746031
7.807610130789868,0.0,0.0,0.6031746031746031
7.824125484500398,0.0,0.0,0.6031746031746031
7.840640838210926,0.0,0.0,0.6031746031746031
7.8571561919214545,0.0,0.0,0.6031746031746031
7.873671545631984,0.0,0.0,0.6031746031746031
7.8901868993425115,0.0,0.0,0.6031746031746031
7.906702253053041,0.0,0.0,0.6031746031746031
7.923217606763569,0.0,0.0,0.6031746031746031
7.939732960474098,0.0,0.0,0.6031746031746031
7.956248314184626,0.0,0.0,0.6031746031746031
