rank,threshold_low_moderate,threshold_moderate_high,threshold_high_very_high,accuracy,macro_f1,low_precision,moderate_precision,high_precision,very_high_precision,low_recall,moderate_recall,high_recall,very_high_recall
1,3.0954385027019997,4.905160815295,6.4621351159455,0.7566371681415929,0.6716789843118596,0.9194139194139194,0.38235294117647056,0.6226415094339622,0.7916666666666666,0.8451178451178452,0.582089552238806,0.5238095238095238,0.76
2,2.9332506729425,4.905160815295,6.4621351159455,0.7477876106194691,0.6712945089420858,0.9277566539923955,0.375,0.6226415094339622,0.7916666666666666,0.8215488215488216,0.6268656716417911,0.5238095238095238,0.76
3,2.9918022553995,4.905160815295,6.4621351159455,0.75,0.6710686719745445,0.924812030075188,0.3761467889908257,0.6226415094339622,0.7916666666666666,0.8282828282828283,0.6119402985074627,0.5238095238095238,0.76
4,3.1620176587805,4.905160815295,6.4621351159455,0.7632743362831859,0.6705532999335164,0.9113475177304965,0.3870967741935484,0.6226415094339622,0.7916666666666666,0.8653198653198653,0.5373134328358209,0.5238095238095238,0.76
5,3.0778644122100003,4.905160815295,6.4621351159455,0.754424778761062,0.6705084682197223,0.9191176470588235,0.3786407766990291,0.6226415094339622,0.7916666666666666,0.8417508417508418,0.582089552238806,0.5238095238095238,0.76
6,2.8550343018665,4.905160815295,6.4621351159455,0.7433628318584071,0.6703318878336032,0.9305019305019305,0.3706896551724138,0.6226415094339622,0.7916666666666666,0.8114478114478114,0.6417910447761194,0.5238095238095238,0.76
7,2.9096123539559997,4.905160815295,6.4621351159455,0.745575221238938,0.6701380120242534,0.9274809160305344,0.37168141592920356,0.6226415094339622,0.7916666666666666,0.8181818181818182,0.6268656716417911,0.5238095238095238,0.76
8,2.971599567811,4.905160815295,6.4621351159455,0.7477876106194691,0.6699096696194113,0.9245283018867925,0.37272727272727274,0.6226415094339622,0.7916666666666666,0.8249158249158249,0.6119402985074627,0.5238095238095238,0.76
9,3.128633406958,4.905160815295,6.4621351159455,0.7588495575221239,0.6697933735969248,0.9136690647482014,0.38144329896907214,0.6226415094339622,0.7916666666666666,0.8552188552188552,0.5522388059701493,0.5238095238095238,0.76
10,3.159439791254,4.905160815295,6.4621351159455,0.7610619469026548,0.6693734597640096,0.9110320284697508,0.3829787234042553,0.6226415094339622,0.7916666666666666,0.8619528619528619,0.5373134328358209,0.5238095238095238,0.76
11,3.06409478344,4.905160815295,6.4621351159455,0.7522123893805309,0.6693441588951217,0.9188191881918819,0.375,0.6226415094339622,0.7916666666666666,0.8383838383838383,0.582089552238806,0.5238095238095238,0.76
12,2.8436372276029998,4.905160815295,6.4621351159455,0.7411504424778761,0.6691829726339257,0.9302325581395349,0.36752136752136755,0.6226415094339622,0.7916666666666666,0.8080808080808081,0.6417910447761194,0.5238095238095238,0.76
13,3.1048558893065,4.905160815295,6.4621351159455,0.754424778761062,0.6690040108077774,0.916058394160584,0.37623762376237624,0.6226415094339622,0.7916666666666666,0.8451178451178452,0.5671641791044776,0.5238095238095238,0.76
14,2.885157037645,4.905160815295,6.4621351159455,0.7433628318584071,0.6689869079144675,0.9272030651340997,0.3684210526315789,0.6226415094339622,0.7916666666666666,0.8148148148148148,0.6268656716417911,0.5238095238095238,0.76
15,2.9573479003565,4.905160815295,6.4621351159455,0.745575221238938,0.6687562753606955,0.9242424242424242,0.36936936936936937,0.6226415094339622,0.7916666666666666,0.8215488215488216,0.6119402985074627,0.5238095238095238,0.76
16,3.1140390614925,4.905160815295,6.4621351159455,0.7566371681415929,0.6686234177132891,0.9133574007220217,0.37755102040816324,0.6226415094339622,0.7916666666666666,0.8518518518518519,0.5522388059701493,0.5238095238095238,0.76
17,3.0179836722045,4.905160815295,6.4621351159455,0.7477876106194691,0.668489750999446,0.9213483146067416,0.37037037037037035,0.6226415094339622,0.7916666666666666,0.8282828282828283,0.5970149253731343,0.5238095238095238,0.76
18,3.150493399208,4.905160815295,6.4621351159455,0.7588495575221239,0.6682005787035625,0.9107142857142857,0.37894736842105264,0.6226415094339622,0.7916666666666666,0.8585858585858586,0.5373134328358209,0.5238095238095238,0.76
19,3.0584582183085,4.905160815295,6.4621351159455,0.75,0.6681859087155608,0.9185185185185185,0.37142857142857144,0.6226415094339622,0.7916666666666666,0.835016835016835,0.582089552238806,0.5238095238095238,0.76
20,3.0954385027019997,4.878916341613,6.4621351159455,0.754424778761062,0.6681738687377785,0.9194139194139194,0.37623762376237624,0.6111111111111112,0.7916666666666666,0.8451178451178452,0.5671641791044776,0.5238095238095238,0.76
21,2.8335138787875,4.905160815295,6.4621351159455,0.7389380530973452,0.6680391176661028,0.9299610894941635,0.3644067796610169,0.6226415094339622,0.7916666666666666,0.8047138047138047,0.6417910447761194,0.5238095238095238,0.76
22,2.9332506729425,4.878916341613,6.4621351159455,0.745575221238938,0.6679288742290347,0.9277566539923955,0.36936936936936937,0.6111111111111112,0.7916666666666666,0.8215488215488216,0.6119402985074627,0.5238095238095238,0.76
23,3.0954385027019997,4.9254948908195,6.4621351159455,0.754424778761062,0.6678893067524493,0.9194139194139194,0.3786407766990291,0.6153846153846154,0.7916666666666666,0.8451178451178452,0.582089552238806,0.5079365079365079,0.76
24,2.8654248994315,4.905160815295,6.4621351159455,0.7411504424778761,0.66784106815702,0.926923076923077,0.3652173913043478,0.6226415094339622,0.7916666666666666,0.8114478114478114,0.6268656716417911,0.5238095238095238,0.76
25,2.808963801919,4.905160815295,6.4621351159455,0.7389380530973452,0.6678043607299441,0.93359375,0.36134453781512604,0.6226415094339622,0.7916666666666666,0.8047138047138047,0.6417910447761194,0.5238095238095238,0.76
26,3.1658580814685,4.905160815295,6.4621351159455,0.7610619469026548,0.667733547550445,0.9081272084805654,0.3804347826086957,0.6226415094339622,0.7916666666666666,0.8653198653198653,0.5223880597014925,0.5238095238095238,0.76
27,2.9918022553995,4.878916341613,6.4621351159455,0.7477876106194691,0.6676613752482822,0.924812030075188,0.37037037037037035,0.6111111111111112,0.7916666666666666,0.8282828282828283,0.5970149253731343,0.5238095238095238,0.76
28,2.9332506729425,4.9254948908195,6.4621351159455,0.745575221238938,0.6675317953268264,0.9277566539923955,0.37168141592920356,0.6153846153846154,0.7916666666666666,0.8215488215488216,0.6268656716417911,0.5079365079365079,0.76
29,3.110573440635,4.905160815295,6.4621351159455,0.754424778761062,0.6674600014213983,0.9130434782608695,0.37373737373737376,0.6226415094339622,0.7916666666666666,0.8484848484848485,0.5522388059701493,0.5238095238095238,0.76
30,2.9918022553995,4.9254948908195,6.4621351159455,0.7477876106194691,0.6672996637590836,0.924812030075188,0.37272727272727274,0.6153846153846154,0.7916666666666666,0.8282828282828283,0.6119402985074627,0.5079365079365079,0.76
31,3.1425877214815,4.905160815295,6.4621351159455,0.7566371681415929,0.6670344892946248,0.910394265232975,0.375,0.6226415094339622,0.7916666666666666,0.8552188552188552,0.5373134328358209,0.5238095238095238,0.76
32,3.0544828662840002,4.905160815295,6.4621351159455,0.7477876106194691,0.6670335731951905,0.9182156133828996,0.36792452830188677,0.6226415094339622,0.7916666666666666,0.8316498316498316,0.582089552238806,0.5238095238095238,0.76
33,2.8550343018665,4.878916341613,6.4621351159455,0.7411504424778761,0.6670144261357006,0.9305019305019305,0.3652173913043478,0.6111111111111112,0.7916666666666666,0.8114478114478114,0.6268656716417911,0.5238095238095238,0.76
34,3.0778644122100003,4.878916341613,6.4621351159455,0.7522123893805309,0.6670128830850359,0.9191176470588235,0.37254901960784315,0.6111111111111112,0.7916666666666666,0.8417508417508418,0.5671641791044776,0.5238095238095238,0.76
35,2.6730413553604997,4.905160815295,6.4621351159455,0.7323008849557522,0.6669849554972963,0.9397590361445783,0.35714285714285715,0.6226415094339622,0.7916666666666666,0.7878787878787878,0.6716417910447762,0.5238095238095238,0.76
36,3.1620176587805,4.878916341613,6.4621351159455,0.7610619469026548,0.6669004547305736,0.9113475177304965,0.3804347826086957,0.6111111111111112,0.7916666666666666,0.8653198653198653,0.5223880597014925,0.5238095238095238,0.76
37,2.9096123539559997,4.878916341613,6.4621351159455,0.7433628318584071,0.6667807467376874,0.9274809160305344,0.36607142857142855,0.6111111111111112,0.7916666666666666,0.8181818181818182,0.6119402985074627,0.5238095238095238,0.76
38,3.1620176587805,4.9254948908195,6.4621351159455,0.7610619469026548,0.6667435976418051,0.9113475177304965,0.3829787234042553,0.6153846153846154,0.7916666666666666,0.8653198653198653,0.5373134328358209,0.5079365079365079,0.76
39,3.0778644122100003,4.9254948908195,6.4621351159455,0.7522123893805309,0.6667267290583432,0.9191176470588235,0.375,0.6153846153846154,0.7916666666666666,0.8417508417508418,0.582089552238806,0.5079365079365079,0.76
40,2.7900504367285004,4.905160815295,6.4621351159455,0.7367256637168141,0.6666719025077661,0.9333333333333333,0.35833333333333334,0.6226415094339622,0.7916666666666666,0.8013468013468014,0.6417910447761194,0.5238095238095238,0.76
41,2.8550343018665,4.9254948908195,6.4621351159455,0.7411504424778761,0.6665824305950093,0.9305019305019305,0.36752136752136755,0.6153846153846154,0.7916666666666666,0.8114478114478114,0.6417910447761194,0.5079365079365079,0.76
42,2.971599567811,4.878916341613,6.4621351159455,0.745575221238938,0.6665110859315232,0.9245283018867925,0.3669724770642202,0.6111111111111112,0.7916666666666666,0.8249158249158249,0.5970149253731343,0.5238095238095238,0.76
43,2.9096123539559997,4.9254948908195,6.4621351159455,0.7433628318584071,0.6663825002773643,0.9274809160305344,0.3684210526315789,0.6153846153846154,0.7916666666666666,0.8181818181818182,0.6268656716417911,0.5079365079365079,0.76
44,3.1078986014855,4.905160815295,6.4621351159455,0.7522123893805309,0.6663029678501199,0.9127272727272727,0.37,0.6226415094339622,0.7916666666666666,0.8451178451178452,0.5522388059701493,0.5238095238095238,0.76
45,3.128633406958,4.878916341613,6.4621351159455,0.7566371681415929,0.6662022051162013,0.9136690647482014,0.375,0.6111111111111112,0.7916666666666666,0.8552188552188552,0.5373134328358209,0.5238095238095238,0.76
46,2.971599567811,4.9254948908195,6.4621351159455,0.745575221238938,0.6661480553779698,0.9245283018867925,0.36936936936936937,0.6153846153846154,0.7916666666666666,0.8249158249158249,0.6119402985074627,0.5079365079365079,0.76
47,3.128633406958,4.9254948908195,6.4621351159455,0.7566371681415929,0.6659987631416203,0.9136690647482014,0.37755102040816324,0.6153846153846154,0.7916666666666666,0.8552188552188552,0.5522388059701493,0.5079365079365079,0.76
48,3.041014057081,4.905160815295,6.4621351159455,0.745575221238938,0.6658870108922421,0.917910447761194,0.3644859813084112,0.6226415094339622,0.7916666666666666,0.8282828282828283,0.582089552238806,0.5238095238095238,0.76
49,2.8436372276029998,4.878916341613,6.4621351159455,0.7389380530973452,0.6658735066229212,0.9302325581395349,0.3620689655172414,0.6111111111111112,0.7916666666666666,0.8080808080808081,0.6268656716417911,0.5238095238095238,0.76
50,2.6654838638575002,4.905160815295,6.4621351159455,0.7300884955752213,0.6658597796639603,0.9395161290322581,0.3543307086614173,0.6226415094339622,0.7916666666666666,0.7845117845117845,0.6716417910447762,0.5238095238095238,0.76
51,3.06409478344,4.878916341613,6.4621351159455,0.75,0.6658580387734726,0.9188191881918819,0.36893203883495146,0.6111111111111112,0.7916666666666666,0.8383838383838383,0.5671641791044776,0.5238095238095238,0.76
52,3.159439791254,4.878916341613,6.4621351159455,0.7588495575221239,0.665731479243281,0.9110320284697508,0.3763440860215054,0.6111111111111112,0.7916666666666666,0.8619528619528619,0.5223880597014925,0.5238095238095238,0.76
53,2.7104411104395,4.905160815295,6.4621351159455,0.7323008849557522,0.665718234798212,0.9362549800796812,0.3548387096774194,0.6226415094339622,0.7916666666666666,0.7912457912457912,0.6567164179104478,0.5238095238095238,0.76
54,2.885157037645,4.878916341613,6.4621351159455,0.7411504424778761,0.6656379590711388,0.9272030651340997,0.36283185840707965,0.6111111111111112,0.7916666666666666,0.8148148148148148,0.6119402985074627,0.5238095238095238,0.76
55,3.159439791254,4.9254948908195,6.4621351159455,0.7588495575221239,0.6655723841113598,0.9110320284697508,0.37894736842105264,0.6153846153846154,0.7916666666666666,0.8619528619528619,0.5373134328358209,0.5079365079365079,0.76
56,3.06409478344,4.9254948908195,6.4621351159455,0.75,0.6655702196713431,0.9188191881918819,0.37142857142857144,0.6153846153846154,0.7916666666666666,0.8383838383838383,0.582089552238806,0.5079365079365079,0.76
57,2.7880185324285,4.905160815295,6.4621351159455,0.7345132743362832,0.665544153329556,0.9330708661417323,0.35537190082644626,0.6226415094339622,0.7916666666666666,0.797979797979798,0.6417910447761194,0.5238095238095238,0.76
58,3.1048558893065,4.878916341613,6.4621351159455,0.7522123893805309,0.665471477541608,0.916058394160584,0.37,0.6111111111111112,0.7916666666666666,0.8451178451178452,0.5522388059701493,0.5238095238095238,0.76
59,2.8436372276029998,4.9254948908195,6.4621351159455,0.7389380530973452,0.6654404182354493,0.9302325581395349,0.3644067796610169,0.6153846153846154,0.7916666666666666,0.8080808080808081,0.6417910447761194,0.5079365079365079,0.76
60,2.9573479003565,4.878916341613,6.4621351159455,0.7433628318584071,0.665366348032635,0.9242424242424242,0.36363636363636365,0.6111111111111112,0.7916666666666666,0.8215488215488216,0.5970149253731343,0.5238095238095238,0.76
61,2.885157037645,4.9254948908195,6.4621351159455,0.7411504424778761,0.665238479323833,0.9272030651340997,0.3652173913043478,0.6153846153846154,0.7916666666666666,0.8148148148148148,0.6268656716417911,0.5079365079365079,0.76
62,3.1048558893065,4.9254948908195,6.4621351159455,0.7522123893805309,0.6652238636877618,0.916058394160584,0.37254901960784315,0.6153846153846154,0.7916666666666666,0.8451178451178452,0.5671641791044776,0.5079365079365079,0.76
63,3.0179836722045,4.878916341613,6.4621351159455,0.745575221238938,0.6650572639462693,0.9213483146067416,0.3644859813084112,0.6111111111111112,0.7916666666666666,0.8282828282828283,0.582089552238806,0.5238095238095238,0.76
64,3.1140390614925,4.878916341613,6.4621351159455,0.754424778761062,0.6650425648683489,0.9133574007220217,0.3711340206185567,0.6111111111111112,0.7916666666666666,0.8518518518518519,0.5373134328358209,0.5238095238095238,0.76
65,2.9573479003565,4.9254948908195,6.4621351159455,0.7433628318584071,0.6650019311719211,0.9242424242424242,0.36607142857142855,0.6153846153846154,0.7916666666666666,0.8215488215488216,0.6119402985074627,0.5079365079365079,0.76
66,3.1750278371545,4.905160815295,6.4621351159455,0.7588495575221239,0.6648842629088048,0.9049295774647887,0.37362637362637363,0.6226415094339622,0.7916666666666666,0.8653198653198653,0.5074626865671642,0.5238095238095238,0.76
67,3.1140390614925,4.9254948908195,6.4621351159455,0.754424778761062,0.6648370441968711,0.9133574007220217,0.37373737373737376,0.6153846153846154,0.7916666666666666,0.8518518518518519,0.5522388059701493,0.5079365079365079,0.76
68,2.6383220225299997,4.905160815295,6.4621351159455,0.7278761061946902,0.6647388398330155,0.9392712550607287,0.3515625,0.6226415094339622,0.7916666666666666,0.7811447811447811,0.6716417910447762,0.5238095238095238,0.76
69,2.8335138787875,4.878916341613,6.4621351159455,0.7367256637168141,0.6647375979477914,0.9299610894941635,0.358974358974359,0.6111111111111112,0.7916666666666666,0.8047138047138047,0.6268656716417911,0.5238095238095238,0.76
70,3.0179836722045,4.9254948908195,6.4621351159455,0.745575221238938,0.6647294558223592,0.9213483146067416,0.3669724770642202,0.6153846153846154,0.7916666666666666,0.8282828282828283,0.5970149253731343,0.5079365079365079,0.76
71,3.0584582183085,4.878916341613,6.4621351159455,0.7477876106194691,0.6647091885187123,0.9185185185185185,0.36538461538461536,0.6111111111111112,0.7916666666666666,0.835016835016835,0.5671641791044776,0.5238095238095238,0.76
72,3.0954385027019997,4.859988903957,6.4621351159455,0.7522123893805309,0.6646619412052481,0.9194139194139194,0.37,0.6,0.7916666666666666,0.8451178451178452,0.5522388059701493,0.5238095238095238,0.76
73,2.6802301879724997,4.905160815295,6.4621351159455,0.7300884955752213,0.6645962307573221,0.936,0.352,0.6226415094339622,0.7916666666666666,0.7878787878787878,0.6567164179104478,0.5238095238095238,0.76
74,3.150493399208,4.878916341613,6.4621351159455,0.7566371681415929,0.6645693814816607,0.9107142857142857,0.3723404255319149,0.6111111111111112,0.7916666666666666,0.8585858585858586,0.5223880597014925,0.5238095238095238,0.76
75,2.9332506729425,4.859988903957,6.4621351159455,0.7433628318584071,0.6645595526346131,0.9277566539923955,0.36363636363636365,0.6,0.7916666666666666,0.8215488215488216,0.5970149253731343,0.5238095238095238,0.76
76,2.6088146145835,4.905160815295,6.4621351159455,0.7278761061946902,0.6645428413316175,0.943089430894309,0.3488372093023256,0.6226415094339622,0.7916666666666666,0.7811447811447811,0.6716417910447762,0.5238095238095238,0.76
77,2.808963801919,4.878916341613,6.4621351159455,0.7367256637168141,0.6645107381092915,0.93359375,0.3559322033898305,0.6111111111111112,0.7916666666666666,0.8047138047138047,0.6268656716417911,0.5238095238095238,0.76
78,2.8654248994315,4.878916341613,6.4621351159455,0.7389380530973452,0.6645003829959882,0.926923076923077,0.35964912280701755,0.6111111111111112,0.7916666666666666,0.8114478114478114,0.6119402985074627,0.5238095238095238,0.76
79,2.7618951619435,4.905160815295,6.4621351159455,0.7323008849557522,0.6644209986328213,0.932806324110672,0.3524590163934426,0.6226415094339622,0.7916666666666666,0.7946127946127947,0.6417910447761194,0.5238095238095238,0.76
80,3.0584582183085,4.9254948908195,6.4621351159455,0.7477876106194691,0.6644196341703492,0.9185185185185185,0.36792452830188677,0.6153846153846154,0.7916666666666666,0.835016835016835,0.582089552238806,0.5079365079365079,0.76
81,2.6730413553604997,4.4597622337965,6.4621351159455,0.7323008849557522,0.6644190577064932,0.9397590361445783,0.3434343434343434,0.55,0.7916666666666666,0.7878787878787878,0.5074626865671642,0.6984126984126984,0.76
82,3.150493399208,4.9254948908195,6.4621351159455,0.7566371681415929,0.664407970917476,0.9107142857142857,0.375,0.6153846153846154,0.7916666666666666,0.8585858585858586,0.5373134328358209,0.5079365079365079,0.76
83,2.8335138787875,4.9254948908195,6.4621351159455,0.7367256637168141,0.6643033547716127,0.9299610894941635,0.36134453781512604,0.6153846153846154,0.7916666666666666,0.8047138047138047,0.6417910447761194,0.5079365079365079,0.76
84,2.9918022553995,4.859988903957,6.4621351159455,0.745575221238938,0.6642494939287444,0.924812030075188,0.3644859813084112,0.6,0.7916666666666666,0.8282828282828283,0.582089552238806,0.5238095238095238,0.76
85,2.8654248994315,4.9254948908195,6.4621351159455,0.7389380530973452,0.6640996066053243,0.926923076923077,0.3620689655172414,0.6153846153846154,0.7916666666666666,0.8114478114478114,0.6268656716417911,0.5079365079365079,0.76
86,2.808963801919,4.9254948908195,6.4621351159455,0.7367256637168141,0.6640752803848312,0.93359375,0.35833333333333334,0.6153846153846154,0.7916666666666666,0.8047138047138047,0.6417910447761194,0.5079365079365079,0.76
87,3.1658580814685,4.878916341613,6.4621351159455,0.7588495575221239,0.664049852892841,0.9081272084805654,0.37362637362637363,0.6111111111111112,0.7916666666666666,0.8653198653198653,0.5074626865671642,0.5238095238095238,0.76
88,3.1658580814685,4.9254948908195,6.4621351159455,0.7588495575221239,0.6639347099409478,0.9081272084805654,0.3763440860215054,0.6153846153846154,0.7916666666666666,0.8653198653198653,0.5223880597014925,0.5079365079365079,0.76
89,3.110573440635,4.878916341613,6.4621351159455,0.7522123893805309,0.6638893890950734,0.9130434782608695,0.3673469387755102,0.6111111111111112,0.7916666666666666,0.8484848484848485,0.5373134328358209,0.5238095238095238,0.76
90,2.6730413553604997,4.878916341613,6.4621351159455,0.7300884955752213,0.6637722396650968,0.9397590361445783,0.352,0.6111111111111112,0.7916666666666666,0.7878787878787878,0.6567164179104478,0.5238095238095238,0.76
91,2.8550343018665,4.859988903957,6.4621351159455,0.7389380530973452,0.6636943467083076,0.9305019305019305,0.35964912280701755,0.6,0.7916666666666666,0.8114478114478114,0.6119402985074627,0.5238095238095238,0.76
92,3.110573440635,4.9254948908195,6.4621351159455,0.7522123893805309,0.6636817168749045,0.9130434782608695,0.37,0.6153846153846154,0.7916666666666666,0.8484848484848485,0.5522388059701493,0.5079365079365079,0.76
93,3.0544828662840002,4.878916341613,6.4621351159455,0.745575221238938,0.6635661881837762,0.9182156133828996,0.3619047619047619,0.6111111111111112,0.7916666666666666,0.8316498316498316,0.5671641791044776,0.5238095238095238,0.76
94,3.0778644122100003,4.859988903957,6.4621351159455,0.75,0.6635107626500601,0.9191176470588235,0.36633663366336633,0.6,0.7916666666666666,0.8417508417508418,0.5522388059701493,0.5238095238095238,0.76
95,2.599828096969,4.905160815295,6.4621351159455,0.7256637168141593,0.663431759296606,0.9428571428571428,0.34615384615384615,0.6226415094339622,0.7916666666666666,0.7777777777777778,0.6716417910447762,0.5238095238095238,0.76
96,2.9096123539559997,4.859988903957,6.4621351159455,0.7411504424778761,0.6634200250836159,0.9274809160305344,0.36036036036036034,0.6,0.7916666666666666,0.8181818181818182,0.5970149253731343,0.5238095238095238,0.76
97,3.1425877214815,4.878916341613,6.4621351159455,0.754424778761062,0.663413994515185,0.910394265232975,0.3684210526315789,0.6111111111111112,0.7916666666666666,0.8552188552188552,0.5223880597014925,0.5238095238095238,0.76
98,2.7900504367285004,4.878916341613,6.4621351159455,0.7345132743362832,0.6633861279974284,0.9333333333333333,0.35294117647058826,0.6111111111111112,0.7916666666666666,0.8013468013468014,0.6268656716417911,0.5238095238095238,0.76
99,2.737052112408,4.905160815295,6.4621351159455,0.7300884955752213,0.6633023259783419,0.9325396825396826,0.34959349593495936,0.6226415094339622,0.7916666666666666,0.7912457912457912,0.6417910447761194,0.5238095238095238,0.76
100,2.6654838638575002,4.4597622337965,6.4621351159455,0.7300884955752213,0.663281579942099,0.9395161290322581,0.34,0.55,0.7916666666666666,0.7845117845117845,0.5074626865671642,0.6984126984126984,0.76
