unique_post_id,stress,historical_split
thread_17958922_starter,6.370370370370369,train
thread_16801847_starter,5.999999999999999,train
412595308,6.7407407407407405,train
409127688,2.0,train
384945479,5.111111111111111,train
thread_17645987_starter,8.0,train
411035591,1.0,train
384802738,5.0,train
412185018,1.0,train
411884706,1.0,train
thread_11272179_starter,4.0,train
348791372,7.0,train
thread_16170774_starter,6.111111111111111,train
255644913,1.0,train
344159000,6.111111111111111,train
thread_9052887_icequeenn_1401/11/10 17:16,5.0,train
413141581,4.0,train
thread_15490586_starter,2.3703703703703702,train
393061150,1.0,train
thread_13420174_starter,7.0,train
373974722,3.111111111111111,train
370925132,1.3703703703703702,train
thread_15784692_starter,7.74074074074074,train
367233917,3.0,train
381038864,2.7407407407407405,train
413605653,5.0,train
342028236,1.3703703703703702,train
411595177,3.740740740740741,train
329363550,1.0,train
407455082,1.0,train
409758059,3.740740740740741,train
341109592,1.0,train
339859434,6.370370370370369,train
374420518,6.0,train
thread_15063413_starter,5.999999999999999,train
thread_15087169_starter,3.0,train
383447534,1.0,train
405001154,4.0,train
408688967,2.3703703703703702,train
409874399,1.0,train
thread_17556974_starter,3.0,train
thread_9966511_arosakjooni_1401/10/05 16:01,4.0,train
347670859,1.0,train
378866355,4.0,train
413947771,4.0,train
thread_16976209_starter,2.3703703703703702,train
402022910,4.481481481481481,train
347085078,1.0,train
363770941,4.0,train
413725491,2.3703703703703702,train
380979059,4.37037037037037,train
thread_15284751_starter,6.481481481481481,train
thread_18137958_starter,7.0,train
410259098,2.0,train
thread_14967261_starter,6.481481481481481,train
384114751,1.0,train
399806255,1.0,train
339682870,5.0,train
thread_16376681_starter,7.0,train
thread_9115890_starter,5.111111111111111,train
406215399,1.0,train
360580456,4.0,train
322634581,3.111111111111111,train
thread_17699986_starter,5.0,train
336205384,1.0,train
thread_8356775_starter,4.7407407407407405,train
333855122,2.3703703703703702,train
406620172,1.3703703703703702,train
375016246,4.0,train
272963019,6.0,train
401542461,7.0,train
thread_18138729_starter,4.0,train
379830024,3.111111111111111,train
408590151,6.7407407407407405,train
thread_13079632_sshabnaam_1402/12/01 14:00,1.0,train
411734297,2.6296296296296293,train
thread_18141829_starter,4.0,train
thread_6624545_آراممممم_1400/03/16 21:53,1.0,train
405586796,2.0,train
413568233,1.0,train
331297965,6.0,train
thread_16861240_starter,4.481481481481481,train
305369936,3.0,train
273009572,2.111111111111111,train
320952895,6.111111111111111,train
329040830,3.0,train
411589556,6.0,train
thread_17616852_starter,6.0,train
thread_15461741_starter,8.74074074074074,train
411875069,1.7407407407407407,train
thread_15780665_starter,5.629629629629629,train
388759073,2.0,train
383269532,1.0,train
thread_17297575_starter,6.0,train
thread_18044313_starter,4.37037037037037,train
399824909,1.0,train
413317606,3.4814814814814814,train
thread_7291377_starter,6.999999999999999,train
382073181,1.0,train
thread_18010311_starter,1.7407407407407407,train
256739742,4.7407407407407405,train
401989730,4.481481481481481,train
thread_16521739_starter,5.0,train
413409634,1.0,train
405638871,6.481481481481481,train
392737375,1.0,train
404143871,1.0,train
400316145,3.111111111111111,train
384964858,5.37037037037037,train
thread_15580398_starter,5.0,train
371524579,4.0,train
360229418,7.111111111111111,train
408898619,6.0,train
318327294,4.481481481481481,train
thread_16671494_starter,1.0,train
413836787,1.3703703703703702,train
342461252,3.740740740740741,train
306895755,3.0,train
413670126,1.3703703703703702,train
408000110,4.0,train
412328603,1.0,train
thread_11168059_کلید۹_1402/03/04 12:22,1.0,train
380897964,4.7407407407407405,train
369330271,1.3703703703703702,train
268458841,1.7407407407407407,train
413354802,1.0,train
thread_11235567_starter,3.0,train
thread_15871327_starter,6.0,train
thread_13844393_starter,7.481481481481481,train
thread_16391443_starter,7.111111111111111,train
341824025,1.0,train
334318930,3.0,train
407551143,5.0,train
413984684,6.111111111111111,train
404332023,1.6296296296296298,train
347667705,6.7407407407407405,train
328856148,1.0,train
thread_7380443_starter,5.7407407407407405,train
325364853,1.0,train
thread_18140235_starter,5.0,train
406574756,1.0,train
thread_18132125_starter,3.4814814814814814,train
331296924,6.111111111111111,train
410425855,3.0,train
thread_17430283_starter,2.0,train
413109037,1.3703703703703702,train
411771396,3.740740740740741,train
413988471,1.0,train
thread_11186657_saeede7598_1402/03/06 20:47,1.0,train
411601986,1.6296296296296298,train
321738278,1.0,train
thread_6530624_fh137275_1400/03/02 01:03,1.0,train
402973688,4.111111111111111,train
298224094,3.0,train
357838242,2.0,train
332301721,3.4814814814814814,train
366298223,1.0,train
355946640,6.0,train
356958409,3.740740740740741,train
347667629,1.0,train
407028864,1.3703703703703702,train
280307922,4.0,train
378156330,5.37037037037037,train
thread_7464489_taranumebahari_1400/07/26 20:05,2.0,train
thread_16110869_starter,7.370370370370369,train
407461762,5.0,train
thread_17870637_starter,3.3703703703703702,train
413975757,3.3703703703703702,train
thread_13045911_starter,7.0,train
404985851,2.0,train
thread_18132012_starter,6.7407407407407405,train
408500145,5.0,train
299812726,2.7407407407407405,train
353835047,1.3703703703703702,train
413954893,4.481481481481481,train
342081465,1.0,train
405745942,1.3703703703703702,train
261005269,1.0,train
343527077,2.6296296296296293,train
thread_17999237_starter,3.111111111111111,train
348801449,6.7407407407407405,train
276203863,1.7407407407407407,train
thread_16383563_starter,8.0,train
thread_9514473_nanajonam_1401/07/24 02:37,6.0,train
thread_18090539_starter,3.3703703703703702,train
343902964,4.481481481481481,train
375089066,1.0,train
375179577,6.0,train
thread_17709543_starter,7.481481481481481,train
290131270,1.0,train
305472176,3.0,train
thread_12008908_starter,5.999999999999999,train
329205968,4.37037037037037,train
thread_18082186_starter,6.7407407407407405,train
thread_16198400_starter,4.7407407407407405,train
thread_17729577_starter,1.0,train
413561979,5.851851851851852,train
291999037,1.0,train
292097414,1.0,train
thread_12260668_starter,3.740740740740741,train
372091003,5.111111111111111,train
356290569,4.7407407407407405,train
344693455,4.481481481481481,train
thread_10314630_starter,6.481481481481481,train
412841863,6.0,train
thread_7825859_نازگل۸۸۸_1400/09/30 18:08,1.3703703703703702,train
388341623,2.6296296296296293,train
288780924,1.0,train
292565904,1.0,train
thread_12639999_starter,7.0,train
328384635,4.0,train
thread_13554770_starter,4.0,train
thread_14190792_starter,5.0,train
397197521,5.0,train
411789793,1.7407407407407407,train
thread_16071629_starter,6.0,train
407688752,1.0,train
375825482,3.0,train
363805448,5.111111111111111,train
286140275,5.7407407407407405,train
345393591,1.6296296296296298,train
270408517,2.259259259259259,train
380354264,1.3703703703703702,train
413024792,6.7407407407407405,train
413780262,6.0,train
406046701,1.0,train
339957132,5.7407407407407405,train
thread_16747183_starter,8.74074074074074,train
343407081,9.0,train
thread_13024186_starter,4.0,train
413598409,5.0,train
thread_17989614_starter,5.0,train
345829845,1.0,train
thread_14050705_starter,2.7407407407407405,train
318834293,3.0,train
400195023,5.0,train
337677590,4.0,train
385639206,1.0,train
401889669,1.0,train
thread_11467811_سپاسه_1402/04/12 15:27,4.0,train
389742426,1.0,train
412796927,1.0,train
401280266,3.740740740740741,train
413176780,2.3703703703703702,train
thread_9730976_starter,3.851851851851852,train
278783626,4.0,train
395772922,1.0,train
362832092,4.37037037037037,train
372584072,1.3703703703703702,train
361814943,3.3703703703703702,train
407626768,3.0,train
403282132,2.0,train
401877655,1.0,train
266146145,2.7407407407407405,train
thread_14808080_starter,5.999999999999999,train
thread_8506003_توسکا95_1401/01/30 02:06,5.481481481481481,train
263317456,1.0,train
thread_17211576_starter,5.0,train
412908181,1.0,train
413202024,1.0,train
thread_13437258_starter,6.111111111111111,train
413957645,1.0,train
thread_17194412_starter,4.0,train
327961011,1.7407407407407407,train
thread_17480768_starter,5.37037037037037,train
413992952,3.0,train
400358122,1.0,train
367384082,3.3703703703703702,train
413670626,2.0,train
thread_14804782_starter,7.0,train
395812858,1.0,train
395056071,1.0,train
331667811,5.7407407407407405,train
299171940,4.7407407407407405,train
412149764,1.0,train
thread_13213570_starter,4.0,train
thread_18141665_starter,2.0,train
402731614,1.0,train
408982093,1.0,train
358350080,6.0,train
thread_17260663_starter,8.0,train
thread_11583885_starter,7.0,train
413072167,1.6296296296296298,train
thread_6636832_swallows_1400/03/18 19:48,6.481481481481481,train
364404260,3.2592592592592595,train
359395723,4.0,train
thread_7502222_9499mahtab_1400/08/03 09:41,5.7407407407407405,train
396946674,10.0,train
374732827,4.37037037037037,train
thread_18062713_starter,5.0,train
348008600,6.0,train
371453696,2.3703703703703702,train
412139600,1.0,train
397333172,3.6296296296296298,train
363521844,2.0,train
335387371,1.6296296296296298,train
thread_13385517_starter,4.7407407407407405,train
308391978,3.3703703703703702,train
408672088,1.0,train
332745163,4.111111111111111,train
413151176,1.0,train
thread_12932299_starter,4.0,train
329363700,1.0,train
332201166,3.0,train
thread_14629993_starter,6.0,train
398997454,5.0,train
thread_18141890_starter,5.0,train
341680025,3.0,train
thread_17272394_starter,7.74074074074074,train
345255002,7.0,train
thread_7145501_alaae_1400/06/07 02:34,7.0,train
407878786,4.0,train
410013524,6.481481481481481,train
261235099,6.0,train
404728943,2.259259259259259,train
thread_16416779_starter,1.0,train
411925943,2.111111111111111,train
290569145,6.0,train
384886664,1.0,train
thread_18036092_starter,8.0,train
290555824,4.0,train
409776045,1.0,train
347380126,6.0,train
287512767,6.0,train
347071187,1.3703703703703702,train
thread_17467183_starter,4.111111111111111,train
thread_12365765_آشرشته_1402/08/13 08:42,4.7407407407407405,train
400294912,3.3703703703703702,train
thread_11467811_fandogh_3_1402/04/12 16:30,2.7407407407407405,train
345836157,1.3703703703703702,train
thread_18139739_starter,2.3703703703703702,train
355880309,4.37037037037037,train
325645995,5.0,train
392935298,1.0,train
412190748,1.0,train
thread_11322121_starter,5.111111111111111,train
401668320,3.0,train
403095679,4.7407407407407405,train
thread_8669803_الیزابت۷۴_1401/02/27 12:44,1.0,train
thread_18032368_starter,4.7407407407407405,train
thread_16548589_starter,2.111111111111111,train
thread_17136656_starter,3.6296296296296298,train
thread_16647431_starter,1.0,train
368972410,1.0,train
thread_8403790_غزل25508_1401/01/12 02:55,1.0,train
thread_17920438_starter,8.0,train
353837663,8.0,train
thread_14902370_starter,5.111111111111111,train
401719401,5.111111111111111,train
thread_16971864_starter,5.0,train
261678959,7.370370370370369,train
332063810,1.0,train
260176135,2.7407407407407405,train
387177933,4.0,train
thread_10529758_starter,6.370370370370369,train
386025280,1.0,train
322239515,1.0,train
thread_14279309_starter,6.7407407407407405,train
327747307,6.7407407407407405,train
405781080,4.0,train
350201884,5.0,train
thread_17611819_starter,5.7407407407407405,train
359392451,4.0,train
330317891,5.0,train
thread_11018093_adrina_______1402/02/15 12:43,1.0,train
thread_11868956_starter,2.3703703703703702,train
377731356,5.111111111111111,train
thread_15563085_starter,6.0,train
366317363,1.0,train
407846120,1.0,train
376805078,1.0,train
thread_16566952_starter,3.0,train
413979888,1.0,train
293876867,3.0,train
370373041,6.370370370370369,train
thread_17431064_starter,5.7407407407407405,train
413935467,2.0,train
369432506,4.37037037037037,train
366601742,1.0,train
400777122,5.7407407407407405,train
thread_9761432_توپتوپی_1401/09/06 09:40,6.0,train
thread_18005697_starter,7.0,train
343916868,1.0,train
thread_16479773_مامانبرقی_1404/04/12 21:38,1.0,train
407788028,5.37037037037037,train
thread_16157985_starter,7.74074074074074,train
thread_8489984_nafasrad97_1401/01/27 11:25,6.370370370370369,train
410156241,2.3703703703703702,train
406033633,1.6296296296296298,train
397246979,7.0,train
353431202,1.0,train
408543031,5.999999999999999,train
thread_11805524_starter,5.7407407407407405,train
350215566,4.111111111111111,train
293930960,3.111111111111111,train
344053253,2.0,train
362941413,1.0,train
thread_9514473_سیب_ترش_هستم_1401/07/24 02:33,1.0,train
408336125,1.0,train
304459083,1.0,train
386220114,7.74074074074074,train
328216744,3.0,train
411896795,1.0,train
411710596,1.3703703703703702,train
254686209,6.0,train
thread_12239309_starter,7.370370370370369,train
406892531,1.3703703703703702,train
thread_14086391_starter,10.0,train
408578149,1.3703703703703702,train
thread_10050737_starter,1.3703703703703702,train
thread_16388618_starter,8.0,train
372105026,5.0,train
411899234,1.3703703703703702,train
413220026,2.0,train
thread_13916879_starter,6.0,train
407776233,1.0,train
349854709,7.0,train
350556790,1.3703703703703702,train
321198139,5.0,train
thread_17973744_starter,6.0,train
371615249,6.0,train
333533237,1.0,train
399742360,1.0,train
thread_13438150_starter,6.0,train
413720392,1.0,train
378655316,7.74074074074074,train
412612624,1.0,train
388359045,1.0,train
thread_11186657_دختر_بهار۷۴۷۴_1402/03/07 12:58,1.0,train
413601399,4.0,train
thread_18051257_starter,5.111111111111111,train
363481024,5.7407407407407405,train
379656337,1.6296296296296298,train
356961583,2.0,train
413688650,1.0,train
412928406,1.0,train
335687882,5.0,train
370327493,3.0,train
353644317,5.0,train
395046366,5.0,train
thread_11389002_میهندوست_1402/04/02 16:33,1.3703703703703702,train
thread_6373847_starter,6.0,train
412965629,5.0,train
398541656,2.3703703703703702,train
397388455,7.111111111111111,train
404728930,1.3703703703703702,train
413930422,2.0,train
303694559,1.0,train
thread_17915189_starter,7.0,train
400178717,6.7407407407407405,train
402554430,2.0,train
thread_16084658_starter,7.0,train
thread_14987807_starter,7.111111111111111,train
381552371,1.0,train
thread_12084168_جوجوطلا۵۳_1402/06/31 00:16,1.0,train
386832896,4.0,train
297269705,1.0,train
341461638,1.0,train
339376622,1.7407407407407407,train
278633682,3.0,train
413948459,1.3703703703703702,train
thread_12132086_starter,5.7407407407407405,train
406222939,1.0,train
thread_14863337_starter,5.0,train
373741445,1.3703703703703702,train
408590231,7.0,train
398059330,2.7407407407407405,train
thread_18140508_starter,1.0,train
402712679,1.3703703703703702,train
413980397,1.0,train
thread_13658744_starter,6.0,train
412985206,1.0,train
336132888,1.3703703703703702,train
thread_9645600_starter,4.0,train
409253955,1.3703703703703702,train
thread_10410834_starter,5.111111111111111,train
361188822,1.3703703703703702,train
388238232,1.6296296296296298,train
thread_13329526_starter,8.0,train
259567118,3.0,train
406620503,1.0,train
315449707,1.0,train
392466456,1.0,train
346726629,1.0,train
thread_12080880_starter,5.481481481481481,train
thread_17269841_starter,3.740740740740741,train
thread_15857281_starter,4.37037037037037,train
329548406,3.0,train
thread_16672542_starter,5.0,train
363825639,8.0,train
390512679,5.7407407407407405,train
thread_8229349_pink_bubble_1400/12/09 14:57,1.0,train
413968228,1.0,train
thread_13712193_starter,5.37037037037037,train
331250233,2.0,train
thread_18012047_starter,4.851851851851851,train
413808025,1.0,train
332206682,6.481481481481481,train
thread_14860585_starter,5.7407407407407405,train
408781970,1.0,train
347006311,2.7407407407407405,train
thread_11863827_starter,2.0,train
412232216,5.111111111111111,train
366106309,1.0,train
406897606,1.7407407407407407,train
413023200,2.3703703703703702,train
thread_17717222_starter,3.0,train
thread_16146569_starter,5.0,train
thread_11237504_starter,8.0,train
thread_12960189_starter,3.0,train
413929669,4.0,train
381395830,4.0,train
391020608,1.6296296296296298,train
395513529,5.0,train
412903008,1.3703703703703702,train
thread_16624448_starter,6.0,train
413322883,1.0,train
269513763,1.0,train
342840964,3.0,train
thread_18083072_starter,5.0,train
413934425,1.0,train
381577311,1.0,train
386556476,1.0,train
339479631,1.3703703703703702,train
thread_17782573_starter,6.0,train
413943414,3.3703703703703702,train
398736047,1.0,train
335260614,4.7407407407407405,train
410759337,4.0,train
307992600,4.37037037037037,train
357764556,2.851851851851852,train
315931806,5.0,train
thread_9966511_کاپو_چینو_1401/10/05 16:22,4.0,train
351830727,4.0,train
thread_18031114_starter,3.0,train
388711886,1.0,train
thread_6695265_starter,7.0,train
343365062,2.888888888888889,train
thread_12474402_مووفرفری_1402/08/30 15:58,1.0,train
401848171,2.6296296296296293,train
385437153,5.0,train
332304401,6.0,train
412230660,5.0,train
thread_10929344_مامان_زهرا2_1402/02/04 15:03,2.3703703703703702,train
407840032,1.0,train
390328419,1.0,train
310984490,1.0,train
413672291,1.0,train
292792295,4.0,train
395358611,1.0,train
thread_9677776_1parvaz_1402/06/25 20:54,6.0,train
411936166,1.0,train
thread_6752768_mahrad70_1400/04/07 05:45,3.0,train
thread_9961437_norieh_1401/10/04 22:15,1.0,train
thread_15633220_starter,9.0,train
405387809,3.0,train
409757854,1.0,train
thread_14678864_starter,3.3703703703703702,train
413990558,3.0,train
thread_17408617_starter,7.0,train
413940170,5.0,train
380721864,1.3703703703703702,train
thread_11226201_starter,3.0,train
thread_10952183_عطرعاشقی_1402/02/07 09:59,3.0,train
408035531,3.3703703703703702,train
thread_7141679_سارا_فروزان_1400/06/06 15:23,2.3703703703703702,train
368301737,1.3703703703703702,train
407236042,4.0,train
308244450,5.111111111111111,train
thread_14260097_starter,2.3703703703703702,train
thread_18010454_starter,7.111111111111111,train
334729594,4.37037037037037,train
thread_11038954_starter,6.0,train
381182145,7.111111111111111,train
397813892,5.0,train
thread_10393495_starter,3.111111111111111,train
354578466,3.0,train
403176088,1.0,train
411426955,7.0,train
374945214,1.3703703703703702,train
thread_8704641_ane7814_1401/03/02 09:33,2.259259259259259,train
thread_18141578_starter,6.7407407407407405,train
289614280,1.6296296296296298,train
371326906,1.7407407407407407,train
404518882,1.6296296296296298,train
401904387,1.0,train
412957811,5.111111111111111,train
393802936,4.0,train
275530434,2.0,train
412533375,1.0,train
307802936,1.6296296296296298,train
thread_12181295_starter,3.740740740740741,train
378440629,4.0,train
389959078,3.0,train
360205713,1.0,train
thread_8548684_ژالبن_1401/02/06 08:00,1.0,train
284349373,3.111111111111111,train
thread_10463916_h_dolunay_1401/12/08 14:54,5.0,train
thread_8676042_بارانشونم_1401/02/28 14:43,1.0,train
358262353,1.0,train
thread_8130945_مامانl_1400/11/22 21:57,6.370370370370369,train
thread_15704600_starter,8.0,train
thread_18140149_starter,4.0,train
360304077,1.0,train
413958022,1.0,train
293691572,2.111111111111111,train
383199179,1.0,train
381234698,1.0,train
thread_18129104_starter,4.0,train
409128435,1.0,train
thread_8394180_starter,6.370370370370369,train
336161322,1.3703703703703702,train
334436854,1.0,train
thread_14826441_starter,6.7407407407407405,train
329478485,1.0,train
thread_18129952_starter,4.7407407407407405,train
340957670,2.7407407407407405,train
349997903,1.0,train
thread_16459599_starter,4.0,train
411343200,1.6296296296296298,train
thread_15671111_starter,2.0,train
thread_10301684_starter,4.0,train
360909874,2.6296296296296293,train
thread_16463381_starter,8.0,train
thread_18144989_starter,4.481481481481481,train
413965985,1.0,train
thread_15792508_starter,7.74074074074074,train
381245562,1.3703703703703702,train
377210265,2.3703703703703702,train
334342040,6.7407407407407405,train
352727905,4.37037037037037,train
thread_17740143_starter,7.74074074074074,train
340531928,6.481481481481481,train
353941547,3.111111111111111,train
413941897,4.851851851851851,train
thread_13248699_starter,8.0,train
363112002,2.7407407407407405,train
thread_6092049_mamanhanie_1399/12/25 23:15,3.0,train
385746397,6.370370370370369,train
thread_18143558_starter,1.0,train
362787764,1.0,train
397708369,1.0,train
368839039,4.0,train
thread_15111010_starter,4.111111111111111,train
395286920,1.0,train
264035678,3.0,train
408490480,1.7407407407407407,train
382653095,3.0,train
thread_15842338_starter,6.111111111111111,train
329961165,1.0,train
278215477,1.0,train
343104628,6.0,train
402293065,1.0,train
346695829,1.0,train
391392931,5.0,train
thread_15040631_starter,5.481481481481481,train
345604869,1.0,train
309145932,4.0,train
386564170,1.0,train
thread_18142118_starter,3.3703703703703702,train
thread_7188582_jila1375_1400/06/13 20:04,1.3703703703703702,train
408956627,5.37037037037037,train
386220223,3.0,train
386289626,2.7407407407407405,train
358668052,6.0,train
411965819,5.481481481481481,train
315618375,5.111111111111111,train
373053551,2.3703703703703702,train
338278016,1.0,train
369939985,1.0,train
341737811,2.0,train
thread_12540988_z77بهار_1402/09/11 13:34,1.0,train
thread_17680065_starter,6.370370370370369,train
379885212,3.740740740740741,train
413976459,1.0,train
375539780,4.0,train
thread_14111870_starter,5.0,train
thread_11418445_sahar11112222_1402/04/05 22:57,1.7407407407407407,train
thread_7360842_نداجونم_1400/07/09 19:45,1.0,train
thread_17321332_starter,5.111111111111111,train
412188419,5.7407407407407405,train
362535169,3.0,train
thread_14122377_starter,3.6296296296296298,train
292215607,1.0,train
338993923,3.0,train
410829881,2.0,train
287338836,3.740740740740741,train
412966009,1.0,train
thread_16862535_starter,5.111111111111111,train
255241351,5.0,train
394465545,2.3703703703703702,train
267390340,1.3703703703703702,train
293012736,5.0,train
thread_7611913_سوفیام966_1400/08/22 13:51,3.740740740740741,train
413898382,1.0,train
thread_12638391_starter,5.999999999999999,train
332259134,1.0,train
281013385,7.0,train
366933590,3.3703703703703702,train
thread_11409103_دخترمدیترانه_1402/04/04 18:12,1.0,train
286488682,1.0,train
331644580,5.0,train
396788437,1.0,train
412864990,4.111111111111111,train
thread_18142809_starter,7.0,train
344852503,1.0,train
398750204,1.0,train
thread_16110875_starter,7.74074074074074,train
381928740,6.111111111111111,train
thread_16093555_starter,3.3703703703703702,train
381860745,3.740740740740741,train
thread_13104443_نازدار۹۰_1402/12/05 07:28,5.0,train
412047811,1.0,train
thread_15334904_starter,5.481481481481481,train
413178171,7.0,train
299861162,1.0,train
347070156,3.111111111111111,train
thread_7662750_starter,3.3703703703703702,train
thread_17729998_starter,7.0,train
380374544,3.0,train
thread_10379801_fatima24_1401/11/28 00:25,3.3703703703703702,train
412310782,1.3703703703703702,train
thread_12769459_starter,6.0,train
314911842,2.3703703703703702,train
310257577,1.0,train
413109188,3.0,train
398628772,1.0,train
342226490,3.740740740740741,train
384642987,1.0,train
401131794,1.0,train
thread_15298861_starter,3.740740740740741,train
331075456,4.0,train
406649796,1.0,train
413023928,1.0,train
412059883,4.111111111111111,train
399790213,1.0,train
319255785,1.3703703703703702,train
411964565,1.0,train
333816248,6.111111111111111,train
thread_17841121_starter,6.111111111111111,train
413878755,1.0,train
thread_14123256_starter,1.7407407407407407,train
331950422,5.0,train
thread_9677762_starter,1.0,train
thread_7611872_shomalikija_1400/08/22 13:59,5.0,train
thread_12605901_starter,4.0,train
274683060,1.0,train
352773068,4.0,train
385175430,9.0,train
411350721,1.0,train
thread_7502222_starter,4.37037037037037,train
thread_13861545_starter,3.0,train
256740788,3.3703703703703702,train
413930398,1.0,train
387719225,1.0,train
413550009,1.7407407407407407,train
thread_12729765_starter,8.0,train
thread_16576742_starter,2.3703703703703702,train
thread_18076510_starter,4.0,train
410829762,1.0,train
thread_18003173_starter,6.370370370370369,train
310319093,1.0,train
409431043,4.0,train
thread_14998331_starter,6.0,train
413941446,3.0,train
320158308,3.111111111111111,train
382804280,6.7407407407407405,train
413243642,1.0,train
thread_16481208_starter,5.7407407407407405,train
382326542,4.0,train
401839015,6.370370370370369,train
404840072,2.0,train
389012725,1.0,train
358618535,5.0,train
309575154,1.7407407407407407,train
thread_13296066_پرنده__غربت_1403/01/04 23:59,3.740740740740741,train
400976772,1.7407407407407407,train
336490156,1.0,train
thread_14936228_starter,3.0,train
thread_15849308_starter,9.0,train
thread_12837509_starter,6.0,train
thread_11168059_starter,6.481481481481481,train
413113495,2.0,train
thread_11203110_mambardia_1402/03/08 21:34,4.62962962962963,train
374409781,4.7407407407407405,train
332234938,1.3703703703703702,train
411804042,6.0,train
381286519,3.0,train
413412423,1.0,train
412309996,1.0,train
403549406,1.0,train
348782994,2.111111111111111,train
315007101,5.0,train
thread_16515234_starter,4.37037037037037,train
284311590,6.999999999999999,train
thread_7856775_samin_a_1400/10/06 13:24,3.6296296296296298,train
405802678,1.7407407407407407,train
353835732,3.740740740740741,train
thread_6489092_ملکه_یخی_هستم_1400/02/26 16:28,1.0,train
308392595,5.37037037037037,train
375179792,1.3703703703703702,train
372832898,3.0,train
thread_11034227_starter,3.6296296296296298,train
thread_16302658_starter,7.74074074074074,train
331238276,1.0,train
thread_11806754_کوالاءخسته_1402/05/25 02:04,2.3703703703703702,train
406777093,1.0,train
374817026,3.0,train
402975476,2.0,train
380370189,1.3703703703703702,train
380717036,1.0,train
thread_17644969_starter,7.74074074074074,train
thread_11587309_starter,1.0,train
413009704,5.7407407407407405,train
377235683,1.3703703703703702,train
255663303,2.0,train
270588835,1.3703703703703702,train
286240681,3.0,train
341974368,1.0,train
321055600,3.3703703703703702,train
318367906,2.0,train
310274930,3.0,train
396252651,4.0,train
thread_15765766_starter,8.74074074074074,train
thread_8735629_ندايييي_1401/03/07 14:44,2.7407407407407405,train
thread_17886669_starter,4.0,train
371513146,1.0,train
359371046,1.0,train
thread_11956298_starter,6.7407407407407405,train
267363492,2.7407407407407405,train
356870227,1.0,train
368095658,1.0,train
314881477,6.0,train
398213205,1.0,train
374588611,9.0,train
275183317,6.0,train
thread_17549852_starter,7.370370370370369,train
408503116,1.0,train
326269561,5.111111111111111,train
thread_8357366_nafasrad97_1401/01/03 00:30,1.0,train
392460946,3.0,train
332385799,6.111111111111111,train
412751779,1.0,train
411779650,1.0,train
398786877,1.0,train
287252607,1.0,train
413792205,1.0,train
412944148,1.0,train
386948948,7.370370370370369,train
thread_10952183_starter,5.111111111111111,train
410952580,1.0,train
412189298,1.3703703703703702,train
338943237,1.0,train
336360105,1.3703703703703702,train
413101443,3.3703703703703702,train
407110331,3.0,train
379532029,6.0,train
400419489,1.0,train
337240977,5.481481481481481,train
373970697,1.0,train
thread_11472706_starter,10.0,train
401497877,6.7407407407407405,train
thread_17811541_starter,1.3703703703703702,train
413933598,1.0,train
293689876,1.3703703703703702,train
thread_13256643_starter,4.37037037037037,train
411993613,1.6296296296296298,train
403428891,1.0,train
361666162,1.3703703703703702,train
thread_17338235_starter,7.0,train
408913303,2.0,train
370556856,5.0,train
413011203,5.7407407407407405,train
402494348,2.0,train
413962487,1.0,train
383908494,1.0,train
thread_11762214_starter,6.111111111111111,train
252781142,1.3703703703703702,train
376527434,1.3703703703703702,train
413953581,7.0,train
thread_9821639_النازی۲۳۷_1401/09/15 00:44,5.37037037037037,train
313794425,3.0,train
313323793,1.0,train
thread_15142776_starter,6.111111111111111,train
366364278,1.0,train
thread_14455660_starter,6.0,train
thread_6951070_لاله_1400/05/08 16:50,1.0,train
405762960,1.0,train
324164633,5.629629629629629,train
406412742,1.6296296296296298,train
thread_9772735_هیمالیااا_1401/09/07 22:47,1.0,train
thread_14268488_starter,3.111111111111111,train
349004054,1.0,train
413936749,1.0,train
332207295,1.0,train
413967148,2.3703703703703702,train
302340691,2.3703703703703702,train
thread_17769566_starter,1.0,train
thread_14408505__stella__1403/06/11 11:45,2.7407407407407405,train
366296667,4.62962962962963,train
thread_8408022_mamandibba_1401/01/13 00:24,6.0,train
364584489,6.7407407407407405,train
thread_14398550_starter,3.3703703703703702,train
330145018,4.0,train
413534723,2.7407407407407405,train
404078181,2.0,train
409255214,1.0,train
thread_17976005_starter,6.111111111111111,train
348881881,1.6296296296296298,train
thread_17874687_starter,7.0,train
403340401,1.0,train
413905915,3.0,train
410167333,1.3703703703703702,train
thread_9078130_phr_1401/05/02 23:35,1.0,train
408480912,1.0,train
359672283,3.0,train
381969943,4.0,train
thread_16918715_starter,8.11111111111111,train
393034621,3.740740740740741,train
344226864,1.0,train
thread_13254449_starter,8.0,train
355615811,6.0,train
340939114,1.0,train
368126108,1.0,train
412201238,5.0,train
380873897,1.3703703703703702,train
256747888,5.0,train
309161205,1.0,train
411126143,2.7407407407407405,train
339667424,1.0,train
413942989,5.7407407407407405,train
thread_7360433_starter,7.0,train
391485908,3.0,train
thread_15213489_starter,6.0,train
412862120,3.3703703703703702,train
thread_11036040_82ayhan_1402/02/17 19:54,1.0,train
397645120,2.3703703703703702,train
356288995,1.3703703703703702,train
367785161,5.0,train
295990918,4.62962962962963,train
413956749,6.0,train
293599232,1.0,train
412711418,5.0,train
274318323,1.0,train
thread_13084962_اقاقیا13_1402/12/02 02:33,1.0,train
355611232,1.0,train
350556630,1.6296296296296298,train
thread_8549554_starter,6.111111111111111,train
254564444,6.0,train
thread_10379801_pegah00_1401/11/28 00:14,4.0,train
353368628,6.0,train
thread_17267936_starter,6.0,train
390654104,2.6296296296296293,train
413744236,5.111111111111111,train
404883198,1.0,train
thread_16606561_starter,7.0,train
thread_10013823_لیلاجیگر_1401/10/11 21:39,4.0,train
thread_16810862_starter,1.7407407407407407,train
thread_15883052_مرمرم_1404/01/10 12:13,1.0,train
thread_10920848_starter,4.111111111111111,train
360230822,3.4814814814814814,train
thread_9736375_l_am_ryhane_1401/09/02 12:46,1.0,train
345813835,1.0,train
411681896,1.0,train
thread_12273353_starter,5.7407407407407405,train
thread_18041098_starter,8.0,train
408899084,1.0,train
390655435,1.0,train
thread_12694984_starter,4.0,train
278195679,2.0,train
378229754,6.0,train
thread_18071212_starter,8.0,train
thread_16730803_starter,3.3703703703703702,train
413921245,1.0,train
thread_11355279_starter,4.7407407407407405,train
411694895,1.0,train
thread_9761392_arameshm_1401/09/06 09:58,5.0,train
379534878,2.6296296296296293,train
320462018,6.7407407407407405,train
thread_15567623_starter,7.0,train
360065484,1.0,train
411965618,7.0,train
326575748,3.0,train
thread_18138631_starter,5.0,train
388429429,4.0,train
411426841,4.7407407407407405,train
thread_6235224_7379ali_1400/01/20 03:54,1.0,train
411684550,1.0,train
330758122,1.0,train
306978552,1.7407407407407407,train
330425922,1.0,train
thread_15825151_starter,1.3703703703703702,train
413961491,4.7407407407407405,train
thread_13492127_starter,5.999999999999999,train
thread_9648957_22aseman558_1401/08/19 00:25,3.4814814814814814,train
330966322,2.111111111111111,train
401452228,1.0,train
272388121,1.3703703703703702,train
349143519,5.999999999999999,train
thread_14835631_starter,4.7407407407407405,train
338364458,6.0,train
thread_13287301_عسلی۰۰_1403/01/03 15:16,2.3703703703703702,train
398384561,4.0,train
404416615,6.0,train
thread_18143955_starter,5.37037037037037,train
390082744,6.0,train
392956692,1.0,train
412335949,3.0,train
342951430,1.0,train
279866139,1.0,train
361750725,1.0,train
thread_15317716_starter,3.6296296296296298,train
thread_18143618_starter,6.0,train
362866130,3.3703703703703702,train
413462617,1.3703703703703702,train
379335369,1.0,train
thread_6076747_finiks67_1399/12/23 12:40,4.0,train
thread_6112233_mmmدخترتنهاmmm_1399/12/29 11:57,3.0,train
400078855,1.0,train
362396590,4.0,train
thread_6636832_starter,7.0,train
315469896,3.740740740740741,train
401783083,1.0,train
386691251,3.0,train
352773543,5.111111111111111,train
thread_7161040_کاربری_جدید_1400/06/09 15:34,1.6296296296296298,train
320760747,6.0,train
377402296,1.0,train
406670419,1.0,train
371604742,1.3703703703703702,train
408408137,5.0,train
370497498,1.0,train
383020488,1.0,train
381928476,5.0,train
272388740,5.7407407407407405,train
332537326,1.0,train
371717060,2.0,train
353366776,8.0,train
351142714,1.0,train
thread_9966511_کاپو_چینو_1401/10/05 16:04,3.740740740740741,train
406876865,1.3703703703703702,train
276515974,1.0,train
413962373,2.0,train
340276822,3.0,train
362211409,4.481481481481481,train
409868178,1.0,train
409120922,1.6296296296296298,train
413066902,1.0,train
323838614,1.0,train
358953365,7.0,train
thread_9428877_مرسده2mersedeh_1401/07/07 17:38,3.3703703703703702,train
thread_17419717_starter,1.0,train
412532227,1.0,train
270638685,1.0,train
thread_6282150_نمک_یددار_1400/01/27 04:33,6.0,train
thread_18013153_starter,1.0,train
thread_18144457_starter,4.0,train
326449658,5.0,train
363377994,3.0,train
282842535,2.259259259259259,train
377226504,1.0,train
413831136,1.0,train
409861052,4.0,train
311820651,1.6296296296296298,train
412941207,2.0,train
341974172,3.3703703703703702,train
347667992,6.0,train
413961046,3.0,train
386046441,4.0,train
338901308,1.0,train
413960884,4.0,train
362204142,6.0,train
thread_17930297_starter,6.0,train
thread_12780066_starter,2.3703703703703702,train
371793625,5.0,train
295252006,2.6296296296296293,train
thread_15450422_starter,4.7407407407407405,train
400685736,1.6296296296296298,train
386923113,5.0,train
285476011,1.3703703703703702,train
thread_13195359_starter,5.0,train
thread_17510600_starter,2.3703703703703702,train
384271438,3.740740740740741,train
thread_6319625_یاسم_1400/02/01 13:07,3.2592592592592595,train
408337546,1.0,train
390097606,1.0,train
370109816,1.0,train
thread_12448534_starter,9.0,train
thread_12558882_starter,4.0,train
342592726,4.111111111111111,train
412877698,1.0,train
thread_15844616_starter,1.3703703703703702,train
thread_17973652_starter,4.0,train
409591091,1.6296296296296298,train
364687695,3.0,train
346946250,3.740740740740741,train
412147824,1.6296296296296298,train
thread_9822791_starter,3.0,train
290034020,2.7407407407407405,train
thread_12767944_starter,8.0,train
thread_18138437_starter,5.7407407407407405,train
402115682,3.111111111111111,train
360228469,6.481481481481481,train
354414779,5.7407407407407405,train
thread_16407264_starter,3.3703703703703702,train
thread_14118507_starter,6.7407407407407405,train
413858838,2.4814814814814814,train
323550811,1.0,train
413077722,1.3703703703703702,train
306706831,3.0,train
404877598,4.0,train
393809881,2.7407407407407405,train
386545733,4.0,train
342739048,1.0,train
406274613,1.0,train
413478401,1.0,train
thread_17495869_starter,7.0,train
299812058,3.111111111111111,train
thread_14156597_starter,3.3703703703703702,train
337913265,2.888888888888889,train
thread_18139236_starter,5.0,train
340283651,3.0,train
thread_15042181_starter,5.111111111111111,train
409251521,6.0,train
349049910,2.7407407407407405,train
268352156,1.6296296296296298,train
384237780,3.3703703703703702,train
412498969,6.111111111111111,train
thread_15221409_starter,8.999999999999998,train
thread_12254105_دختــرشیــرااازی_1402/07/27 18:32,1.0,train
411760755,4.0,train
thread_16852577_starter,6.7407407407407405,train
412865852,1.0,train
389320540,7.0,train
321129927,8.0,train
332695570,2.6296296296296293,train
356304771,1.0,train
315449621,2.0,train
thread_18140622_starter,2.3703703703703702,train
thread_7251471_جوجوخرگوشه_1400/06/23 14:23,5.0,train
413948703,3.0,train
305228734,1.3703703703703702,train
383930328,5.0,train
403113203,1.0,train
246750589,5.111111111111111,train
308390790,4.37037037037037,train
408807903,4.0,train
413947437,1.3703703703703702,train
412925707,3.0,train
315785902,5.0,train
thread_15190001_starter,3.0,train
thread_15575708_starter,4.111111111111111,train
286104301,4.0,train
412332127,6.0,train
thread_18079151_starter,2.4814814814814814,train
407028148,4.37037037037037,train
thread_18103237_starter,1.0,train
412023310,1.0,train
thread_12321228_starter,8.11111111111111,train
413757547,3.0,train
338271545,3.0,train
352774507,2.7407407407407405,train
277331582,1.0,train
90945812,6.999999999999999,train
thread_11976631_starter,3.3703703703703702,train
thread_7278834_مهوش221_1400/06/27 21:04,4.0,train
thread_16262030_starter,5.0,train
thread_12372198_۲۷_1402/08/20 17:59,3.4814814814814814,train
413952004,1.0,train
374970178,6.0,train
286104709,6.0,train
412113660,4.0,train
390082493,7.0,train
399958185,1.6296296296296298,train
412158476,1.0,train
394335715,5.0,train
356885507,1.0,train
thread_13523002_starter,4.0,train
382068951,5.111111111111111,train
327798535,6.0,train
376163312,2.0,train
412845568,7.0,train
411657398,3.740740740740741,train
319828418,1.0,train
thread_10354240_starter,3.0,train
339667965,1.0,train
392598801,1.0,train
388300548,6.370370370370369,train
413780258,7.111111111111111,train
394573467,4.7407407407407405,train
412991347,6.0,train
359000941,5.0,train
thread_14662143_starter,5.37037037037037,train
370923206,3.3703703703703702,train
373787987,1.0,train
thread_14016949_starter,4.851851851851851,train
thread_11747162_starter,7.481481481481481,train
377780593,2.7407407407407405,train
409746931,4.0,train
thread_8352350_starter,3.3703703703703702,train
343583522,4.111111111111111,train
382266138,1.7407407407407407,train
412629104,4.0,train
thread_18041435_starter,5.111111111111111,train
335784960,6.7407407407407405,train
thread_6698397_roooooyaaa_1400/03/29 00:32,1.3703703703703702,train
thread_17474264_starter,6.0,train
404494720,1.3703703703703702,train
thread_16117156_starter,8.0,train
397197912,1.7407407407407407,train
400447650,1.0,train
337713281,3.0,train
341383914,2.0,train
314915388,2.0,train
324251993,1.0,train
363572530,4.0,train
411722572,4.111111111111111,train
375755722,5.0,train
thread_12626461_ماه_تاریک_1402/09/24 20:13,1.0,train
375167674,1.0,train
403181895,1.6296296296296298,train
358580751,1.0,train
404494103,1.0,train
thread_17473534_starter,9.370370370370368,train
300400566,1.0,train
261626674,1.7407407407407407,train
thread_17950084_starter,8.37037037037037,train
403045920,1.0,train
thread_10222994_starter,2.3703703703703702,train
413731261,1.0,train
341136694,1.0,train
336983182,3.0,train
thread_11761771_starter,5.0,train
324259140,1.0,train
328726567,6.0,train
thread_17980414_starter,5.111111111111111,train
391511277,1.0,train
thread_7503258_مامان،حسینم_1400/08/03 13:37,3.0,train
401267628,3.0,train
413783223,1.0,train
374332040,2.0,train
thread_9977711_بودا_1404/05/28 07:10,6.111111111111111,train
356452215,3.0,train
367738141,1.0,train
413345037,3.4814814814814814,train
331022374,3.0,train
380659231,1.0,train
thread_18139276_starter,2.259259259259259,train
332205247,6.0,train
353286397,1.0,train
413344644,1.0,train
413980635,1.0,train
413839272,1.3703703703703702,train
411950331,1.0,train
320718138,1.7407407407407407,train
412263728,1.3703703703703702,train
404054515,2.6296296296296293,train
thread_14903020_starter,7.74074074074074,train
thread_10411494_روح_حیران_الدوله_1401/12/02 00:21,1.0,train
344080860,3.740740740740741,train
286234919,1.0,train
thread_15089875_starter,4.0,train
392868599,6.111111111111111,train
405401882,6.0,train
413952446,3.0,train
413948196,1.0,train
406865158,1.6296296296296298,train
394029451,4.259259259259259,train
thread_13885557_starter,4.0,train
400912217,3.0,train
413876910,1.0,train
382585438,4.0,train
282399289,3.0,train
thread_13538747_starter,6.111111111111111,train
thread_12554039_starter,7.0,train
407058172,3.0,train
399772744,1.3703703703703702,train
374471484,3.0,train
286466009,2.3703703703703702,train
412441916,1.0,train
391411700,8.74074074074074,train
thread_14846163_starter,5.37037037037037,train
315863479,3.0,train
349741187,5.481481481481481,train
374787581,1.0,train
330759339,7.74074074074074,train
392736880,1.0,train
thread_17109815_starter,1.0,train
412368370,1.0,train
thread_15701732_starter,1.3703703703703702,train
399964509,5.7407407407407405,train
400223648,2.7407407407407405,train
thread_18045798_starter,3.111111111111111,train
361188954,2.7407407407407405,train
406410570,6.0,train
344380469,1.0,train
365750504,3.0,train
364247942,5.481481481481481,train
thread_17877062_starter,8.0,train
thread_12447056_panah_ir_1402/08/26 08:18,1.0,train
thread_17606252_starter,4.0,train
372019956,6.0,train
thread_17714620_starter,6.7407407407407405,train
332672726,5.0,train
405283162,1.0,train
410558542,1.0,train
thread_9642299_گلnooش_1401/08/18 00:32,2.0,train
thread_16026811_starter,6.7407407407407405,train
thread_8716736_starter,7.0,train
thread_13768670_starter,4.259259259259259,train
thread_14919753_starter,7.0,train
thread_12622997_starter,7.74074074074074,train
403194908,1.0,train
365187127,1.0,train
334658128,4.0,train
368839888,1.7407407407407407,train
272962057,5.0,train
294021601,5.0,train
335567358,1.0,train
413685183,1.0,train
389033418,7.74074074074074,train
thread_18063914_starter,1.0,train
350368660,3.0,train
413956566,1.3703703703703702,train
403833173,3.0,train
330927833,2.0,train
thread_18139371_starter,6.370370370370369,train
331022545,6.0,train
thread_16836204_starter,4.37037037037037,train
412017527,1.0,train
406086933,6.111111111111111,train
336088013,5.0,train
thread_16424178_starter,3.0,train
406586110,5.0,train
392181431,1.0,train
413947525,1.0,train
378400133,1.0,train
398058186,1.0,train
thread_17485268_starter,5.7407407407407405,train
411566829,1.0,train
361935366,1.0,train
412591740,4.0,train
413964760,1.0,train
380978261,1.0,train
thread_13296066_عشقم،همسرم_1403/01/04 23:53,1.6296296296296298,train
347756525,4.481481481481481,train
332927510,3.0,train
383463973,6.0,train
351508557,1.6296296296296298,train
408871431,3.0,train
304209386,1.0,train
375017091,4.37037037037037,train
296200405,4.0,train
371566235,1.0,train
383763608,6.0,train
413985110,1.0,train
353835778,4.481481481481481,train
306164247,3.0,train
396447617,1.7407407407407407,train
348009903,6.0,train
403039232,1.3703703703703702,train
334551247,3.0,train
411691079,1.0,train
thread_9293586_سیندرلاتون_1401/06/06 11:34,1.0,train
413966167,1.7407407407407407,train
thread_15862474_starter,4.0,train
thread_15527747_starter,6.111111111111111,train
thread_10571539_مامانmasi_1401/12/21 20:20,1.3703703703703702,train
401099207,5.0,train
393034945,3.0,train
thread_17999676_starter,3.0,train
thread_17319060_starter,7.74074074074074,train
356411726,2.7407407407407405,train
366602571,5.0,train
404037288,3.0,train
407252186,1.6296296296296298,train
thread_7833045_shirin_2125_1400/10/02 01:13,2.3703703703703702,train
413776438,4.481481481481481,train
381603722,1.0,train
406363611,1.0,train
319754243,1.3703703703703702,train
412504400,1.0,train
341239636,1.7407407407407407,train
411963061,2.111111111111111,train
332918554,7.111111111111111,train
370705363,1.0,train
366469726,1.0,train
354621554,4.0,train
363172827,7.370370370370369,train
328360017,5.0,train
406690700,6.0,train
thread_8880238_77shaghi_1401/04/01 00:46,1.0,train
405157574,1.0,train
413936747,1.0,train
379562141,3.0,train
338397125,1.0,train
407769945,1.0,train
thread_13534809_starter,6.0,train
thread_17920844_starter,6.370370370370369,train
thread_17400696_starter,7.0,train
359954629,4.481481481481481,train
387802752,2.3703703703703702,train
249660715,1.0,train
thread_18028954_starter,4.851851851851851,train
397814816,2.0,train
338558546,3.0,train
396309721,1.3703703703703702,train
280309949,4.37037037037037,train
404493809,2.0,train
thread_10157128_fatmjoon_1401/10/29 10:27,1.3703703703703702,train
375596791,1.0,train
371523123,1.0,train
thread_10448788_starter,9.370370370370368,train
271055693,5.7407407407407405,train
380481321,7.111111111111111,train
412845601,5.0,train
thread_15761768_starter,4.111111111111111,train
395107236,1.0,train
413962311,5.0,train
413710315,5.111111111111111,train
353723049,3.3703703703703702,train
380016176,1.0,train
thread_16031006_starter,6.7407407407407405,train
412766363,1.0,train
thread_18115856_starter,5.111111111111111,train
356255755,3.740740740740741,train
355728832,2.0,train
thread_17401588_starter,6.370370370370369,train
thread_14644222_starter,1.3703703703703702,train
389469092,1.0,train
380594391,4.0,train
thread_8221954_نسادات_1400/12/08 11:21,1.0,train
401738206,7.370370370370369,train
thread_16447571_starter,3.0,train
412458944,4.0,train
319326534,4.0,train
349576812,5.0,train
349210145,3.3703703703703702,train
thread_8569951_سوگند۲۵۵۱۰_1401/02/10 00:31,3.111111111111111,train
413940956,1.0,train
401791199,1.0,train
374774397,5.0,train
thread_17528530_starter,7.0,train
359714068,2.0,train
349580035,6.481481481481481,train
321624238,1.0,train
thread_9822791_ati9998_1401/09/15 09:14,6.0,train
405245196,4.37037037037037,train
400268355,4.0,train
314201523,7.74074074074074,train
thread_17982318_starter,6.7407407407407405,train
thread_17966299_starter,8.11111111111111,train
thread_16108558_starter,7.0,train
398287081,5.0,train
thread_8195622_starter,7.0,train
341034298,4.0,train
413978032,4.0,train
thread_18084265_starter,4.0,train
thread_8367373_مادرجانیم_1401/01/05 02:28,1.3703703703703702,train
394070186,1.0,train
413927763,2.3703703703703702,train
359315644,1.6296296296296298,train
thread_13106295_starter,8.0,train
thread_9448722_مامان_سونیا1_1401/07/12 11:15,5.0,train
354948423,1.0,train
413933323,1.0,train
318910917,5.0,train
362214007,1.0,train
246749152,1.0,train
330967302,1.0,train
412967779,1.0,train
413816611,1.0,train
394450709,2.3703703703703702,train
thread_17703970_starter,3.0,train
413970577,1.0,train
413972660,1.0,train
403996203,4.37037037037037,train
399967086,1.0,train
342164790,3.0,train
thread_9848289_starter,7.74074074074074,train
395677069,6.0,train
thread_10676035_starter,5.0,train
289916700,1.3703703703703702,train
402887022,4.0,train
362084037,1.0,train
thread_9409801_starter,4.0,train
373443451,1.0,train
406885784,1.3703703703703702,train
thread_15271286_starter,4.481481481481481,train
thread_9725395_مارال37_1401/08/30 15:45,6.0,train
331296730,1.0,train
thread_16035845_starter,2.6296296296296293,train
341923239,4.0,train
413506290,1.0,train
323876291,2.3703703703703702,train
355362046,2.0,train
thread_18045693_starter,5.7407407407407405,train
322152394,1.0,train
342115286,1.0,train
306782582,1.0,train
362085127,1.0,train
thread_16102378_starter,5.7407407407407405,train
413876728,5.0,train
347571981,3.740740740740741,train
thread_17701544_starter,2.6296296296296293,train
357891263,6.0,train
thread_8829382_starter,8.0,train
358985772,1.0,train
thread_14286727_starter,8.37037037037037,train
336236076,1.6296296296296298,train
402441162,4.0,train
411595548,6.0,train
thread_11816883_فنچ_قرمز_1402/05/26 15:13,7.370370370370369,train
408510507,1.0,train
378990160,3.0,train
321769389,1.0,train
412504469,1.0,train
383553148,3.740740740740741,train
337409042,1.0,train
394620727,3.851851851851852,train
413162468,5.37037037037037,train
411895763,3.0,train
340724631,5.0,train
412406255,1.3703703703703702,train
410751083,3.0,train
410166310,6.111111111111111,train
403209929,4.0,train
404374580,1.0,train
413562136,6.370370370370369,train
407816395,6.370370370370369,train
410468757,1.0,train
381552062,1.0,train
409791608,4.0,train
330926663,1.0,train
374786131,1.0,train
410274654,1.0,train
thread_16877614_starter,7.0,train
344993204,1.0,train
310232608,3.0,train
381723989,3.0,train
404783182,1.0,train
thread_17380577_starter,5.0,train
413123507,1.0,train
322179619,1.0,train
372941920,5.7407407407407405,train
372832981,3.0,train
407090853,1.0,train
376028055,7.74074074074074,train
thread_12127266_starter,6.0,train
391485471,1.0,train
thread_17338779_starter,3.3703703703703702,train
thread_17890635_starter,4.37037037037037,train
363179312,8.0,train
thread_17556831_starter,6.0,train
308396362,1.0,train
398661074,4.0,train
376899926,4.0,train
376828218,1.0,train
304887674,2.7407407407407405,train
thread_6309299_7887frshte_1400/01/31 00:17,3.0,val
thread_17972811_starter,5.0,val
397348073,1.0,val
280092199,1.0,val
334474713,1.0,val
thread_16092848_starter,7.111111111111111,val
thread_15544453_starter,3.740740740740741,val
360559613,3.0,val
412504678,3.111111111111111,val
thread_18138406_starter,7.0,val
411789887,1.0,val
404877938,1.0,val
393533686,1.3703703703703702,val
330864451,6.0,val
thread_8914324_موز_قرمز_1401/04/06 17:36,1.0,val
342738350,2.0,val
thread_16392413_starter,6.7407407407407405,val
278412608,1.0,val
382910056,1.0,val
thread_13262859_zizigoolootabeta_1402/12/28 18:13,3.740740740740741,val
286883261,3.3703703703703702,val
thread_18111931_starter,1.0,val
363990653,1.0,val
395286393,1.3703703703703702,val
thread_8122505_آوای_تابستان۲_1400/11/21 13:16,1.0,val
403995809,4.0,val
336148614,3.0,val
thread_10185456_starter,2.259259259259259,val
374990999,1.0,val
362992794,1.3703703703703702,val
362070926,4.0,val
thread_16668587_starter,7.0,val
260997732,5.0,val
thread_13170997_starter,6.7407407407407405,val
344477567,1.3703703703703702,val
thread_10172881_پریا۱۳۰۰_1401/11/01 12:16,1.0,val
336139551,1.0,val
364844138,1.0,val
413598944,1.0,val
thread_17990003_starter,2.3703703703703702,val
thread_14844287_starter,5.7407407407407405,val
396453994,1.0,val
318326077,3.740740740740741,val
405658833,1.0,val
thread_15361591_starter,7.370370370370369,val
thread_17812767_starter,5.481481481481481,val
412256942,3.0,val
411560184,1.0,val
373427573,5.0,val
288473882,1.0,val
thread_17362613_starter,7.0,val
397197484,2.0,val
301138495,1.7407407407407407,val
406337968,4.7407407407407405,val
413520665,3.0,val
413743820,1.0,val
402229999,5.0,val
314888743,4.0,val
thread_13152440_starter,5.37037037037037,val
387998903,2.111111111111111,val
396810478,1.0,val
373621058,1.0,val
340724668,5.0,val
413878972,6.0,val
thread_14859600_starter,6.0,val
355964444,3.0,val
332232871,6.0,val
thread_13324508_چش_قشنگ_سابقم_1403/01/09 12:27,3.3703703703703702,val
thread_12074826_starter,2.3703703703703702,val
349730466,1.0,val
359715319,1.0,val
thread_9381868_starter,5.0,val
332235635,1.6296296296296298,val
thread_13187082_onyxxxxx_1402/12/17 15:47,1.0,val
350630842,3.740740740740741,val
thread_16784244_starter,3.4814814814814814,val
277845997,3.3703703703703702,val
353725776,2.0,val
413550946,3.0,val
338972405,1.0,val
376577989,3.0,val
258094665,5.0,val
thread_16685553_starter,5.999999999999999,val
413807609,1.3703703703703702,val
412894335,1.0,val
thread_11389002_پرپر۱۳۷۸_1402/04/01 23:54,7.111111111111111,val
315483708,6.111111111111111,val
378509155,4.0,val
335238798,5.0,val
412025577,8.0,val
thread_17057384_starter,3.0,val
299005740,5.0,val
407274541,7.0,val
333373786,4.7407407407407405,val
285958039,5.111111111111111,val
413920366,1.0,val
357800750,1.0,val
408893349,3.0,val
412844090,7.0,val
370896290,2.0,val
thread_17374745_starter,4.0,val
352931621,1.0,val
328368322,1.3703703703703702,val
410448098,1.3703703703703702,val
thread_15414641_starter,5.37037037037037,val
thread_14635054_starter,5.999999999999999,val
405050331,7.0,val
413950241,2.0,val
406886231,6.0,val
341173719,1.0,val
389873737,7.111111111111111,val
383065239,1.0,val
360876957,2.6296296296296293,val
411722013,1.6296296296296298,val
thread_18008276_starter,4.0,val
258281682,5.111111111111111,val
355575937,1.3703703703703702,val
410281046,1.0,val
407272505,5.0,val
366363984,1.0,val
thread_14350740_starter,4.0,val
413982796,1.0,val
362296046,6.7407407407407405,val
351644812,1.0,val
246952723,2.0,val
403113606,1.0,val
411582935,2.3703703703703702,val
thread_17843090_starter,4.0,val
thread_11761411_ebooo_1402/05/19 13:31,7.0,val
thread_10913873_بهاااار۷۷_1402/02/02 15:33,1.0,val
410184223,1.3703703703703702,val
390512748,4.37037037037037,val
thread_16297414_starter,3.0,val
396661925,3.740740740740741,val
413962705,3.0,val
thread_9293586_الوانا_1401/06/06 11:39,1.0,val
351555867,6.111111111111111,val
376283558,1.7407407407407407,val
413927806,2.7407407407407405,val
366988409,1.0,val
325727169,6.481481481481481,val
thread_15758811_starter,4.0,val
323054408,1.0,val
332234409,1.0,val
thread_11389002_دوستتونم_1404/11/09 22:03,5.7407407407407405,val
thread_11430239_گوفی_goofy_1402/04/07 16:25,1.6296296296296298,val
403066840,4.259259259259259,val
356941352,6.111111111111111,val
398739842,5.0,val
371616882,5.0,val
411721874,3.3703703703703702,val
343541130,1.0,val
thread_16646973_starter,4.0,val
349342500,3.0,val
thread_17463388_starter,3.0,val
thread_9314785_starter,4.0,val
343071754,4.0,val
thread_17115722_starter,5.0,val
382846911,8.0,val
thread_16699939_starter,5.0,val
409868022,1.0,val
thread_13610137_starter,4.0,val
thread_16026496_starter,4.111111111111111,val
413364600,5.7407407407407405,val
343407506,8.0,val
258179972,2.0,val
413113203,4.0,val
thread_12744284_starter,6.7407407407407405,val
402738370,1.0,val
335699001,1.6296296296296298,val
404232501,1.0,val
411662090,1.0,val
388403281,5.0,val
392710636,1.0,val
351714146,1.0,val
302340600,4.0,val
thread_15908225_starter,7.0,val
thread_6825402_starter,7.0,val
382262392,3.0,val
389106330,3.0,val
thread_17130915_starter,7.481481481481481,val
413942465,2.3703703703703702,val
256431909,1.0,val
401268293,1.7407407407407407,val
thread_16656529_starter,5.7407407407407405,val
362109977,1.0,val
315984241,3.3703703703703702,val
346715950,4.0,val
332054676,3.0,val
412190785,5.481481481481481,val
384557453,1.0,val
408883689,5.0,val
396134793,1.0,val
363587923,4.0,val
thread_8408022_mamandibba_1401/01/13 00:50,1.0,val
283536818,1.0,val
382114582,1.0,val
299609811,6.0,val
316932677,3.0,val
302955027,1.0,val
345214019,2.3703703703703702,val
315758933,1.0,val
361445038,4.0,val
411862129,3.6296296296296298,val
348144510,4.111111111111111,val
thread_16128640_starter,5.851851851851852,val
400530170,1.3703703703703702,val
289111436,3.0,val
371448645,1.3703703703703702,val
358822697,1.0,val
354834095,6.111111111111111,val
thread_17991570_starter,3.740740740740741,val
396641659,7.0,val
thread_12337937_اشپزخونه_1402/08/08 19:07,4.481481481481481,val
thread_6157536_starter,5.111111111111111,val
401991839,4.0,val
356851125,1.0,val
360909082,1.3703703703703702,val
thread_18109895_starter,1.0,val
342324540,1.0,val
402306616,6.370370370370369,val
314310961,1.6296296296296298,val
287252082,4.0,val
411894754,2.7407407407407405,val
353751354,1.3703703703703702,val
393334471,7.0,val
410575658,1.0,val
334814995,4.0,val
338775912,5.0,val
thread_17817521_starter,3.0,val
344062764,4.0,val
285957632,4.0,val
thread_17928472_starter,7.74074074074074,val
350853418,4.481481481481481,val
thread_13836935_starter,8.0,val
thread_6076747_finiks67_1399/12/23 12:49,5.0,val
thread_9396920_feriii75_1401/06/23 22:29,1.0,val
thread_16338853_starter,6.111111111111111,val
413964125,1.0,val
411930558,1.0,val
thread_10380504_تیادا_1401/11/28 01:40,1.0,val
400965676,1.3703703703703702,val
331929710,5.0,val
thread_16545448_starter,6.0,val
391500326,1.0,val
401533814,1.0,val
thread_9772735_اسرا۸۲۹۰_1401/09/07 22:45,6.0,val
thread_13363518_starter,6.7407407407407405,val
thread_18141943_starter,4.0,val
356412210,1.7407407407407407,val
397481384,1.0,val
413974668,1.0,val
382153331,5.0,val
thread_18137777_starter,2.0,val
thread_17466649_starter,7.0,val
413016176,5.0,val
407174797,8.0,val
274692036,1.0,val
thread_6215718_داستان_زندگیم_1400/01/17 12:48,1.0,val
321000602,3.0,val
413024473,1.3703703703703702,val
344045737,4.0,val
399144660,1.0,val
401409605,6.0,val
thread_15839395_starter,5.0,val
thread_14344920_starter,8.0,val
412800102,1.0,val
thread_17981136_starter,2.3703703703703702,val
thread_18016614_starter,6.0,val
400261413,1.0,val
349439455,1.0,val
413326063,1.0,val
330323789,3.0,val
350812851,2.3703703703703702,val
315450246,5.481481481481481,val
413992452,3.0,val
367820735,1.0,val
348146407,4.0,val
thread_17385384_starter,8.74074074074074,val
371022829,1.0,val
384483201,6.370370370370369,val
340327635,1.0,val
thread_11157196_سیما298_1402/03/03 00:10,5.0,val
372315285,2.6296296296296293,val
322804610,2.3703703703703702,val
369250570,6.0,val
thread_14503463_starter,4.0,val
407364487,4.0,val
349763399,1.0,val
412582162,2.3703703703703702,val
thread_17462217_starter,5.0,val
thread_17636269_starter,5.37037037037037,val
thread_16064900_starter,2.3703703703703702,val
401373302,2.0,val
thread_10182598_starter,4.0,val
thread_9772675_ommm_1401/09/07 22:36,4.0,val
413981961,1.0,val
411833974,1.0,val
301338944,3.3703703703703702,val
384482762,5.7407407407407405,val
351877726,3.740740740740741,val
374245781,6.111111111111111,val
412229631,1.0,val
406067278,1.3703703703703702,val
412747570,1.0,val
366142169,1.3703703703703702,val
thread_18139869_starter,7.0,val
403180853,1.0,val
359105333,5.7407407407407405,val
400294830,1.0,val
413031300,4.0,val
402663467,4.0,val
374034052,6.0,val
thread_17990777_starter,1.3703703703703702,val
277331416,3.0,val
thread_16782826_starter,5.0,val
thread_17668245_starter,6.481481481481481,val
411892933,1.0,val
400375704,5.0,val
383426493,3.0,val
396365476,4.259259259259259,val
272545949,5.0,val
401639781,5.0,val
370555001,1.6296296296296298,val
333972154,4.0,val
323424219,1.3703703703703702,val
411863338,4.0,val
355857137,3.0,val
364879796,4.37037037037037,val
thread_10514731_starter,4.0,val
375783131,1.0,val
377675773,1.0,val
336715197,3.0,val
thread_17020100_starter,7.0,val
412986171,1.7407407407407407,val
thread_16233127_starter,5.851851851851852,test
thread_13943957_starter,8.37037037037037,test
thread_16420723_starter,8.0,test
253620712,3.0,test
377609540,1.0,test
349139426,1.0,test
365139241,4.111111111111111,test
400996553,5.0,test
379534961,4.0,test
thread_14430366_starter,2.3703703703703702,test
387644662,4.111111111111111,test
thread_6341246_starter,3.3703703703703702,test
392847401,5.111111111111111,test
thread_18011444_starter,5.0,test
368908917,4.0,test
thread_18138461_starter,2.7407407407407405,test
360497050,4.0,test
thread_17962215_starter,6.111111111111111,test
413948525,4.0,test
343405413,5.0,test
413978501,6.0,test
thread_18024841_starter,4.37037037037037,test
thread_14460512_starter,3.0,test
thread_6442764_فونیکس1990_1400/02/19 16:29,1.0,test
thread_18140808_starter,6.0,test
341943328,1.0,test
thread_9576910_starter,6.370370370370369,test
382554091,4.37037037037037,test
356134022,3.0,test
352377506,1.0,test
thread_18138146_starter,1.0,test
413225830,3.3703703703703702,test
405442853,1.0,test
390273737,1.0,test
386141946,4.62962962962963,test
339405295,1.0,test
297588675,6.370370370370369,test
413963260,3.0,test
413945455,1.0,test
413956402,5.0,test
368673842,1.0,test
256282370,1.0,test
313543746,1.0,test
343587001,5.0,test
402172260,1.0,test
thread_16263099_starter,6.0,test
411928490,3.0,test
thread_15516515_starter,5.0,test
411696063,1.0,test
380996754,5.111111111111111,test
386297156,4.37037037037037,test
390447073,2.0,test
321002103,1.3703703703703702,test
342546455,6.0,test
413070547,3.740740740740741,test
thread_18009386_starter,6.111111111111111,test
332917007,1.0,test
333751357,5.0,test
409277380,1.0,test
294423754,1.0,test
390437997,2.4814814814814814,test
349289790,3.0,test
thread_7650399_starter,5.7407407407407405,test
thread_17351135_starter,2.111111111111111,test
413353615,3.0,test
403463015,1.0,test
thread_18033465_starter,6.0,test
413991080,4.0,test
371612651,1.0,test
341267817,3.0,test
337558735,1.3703703703703702,test
383313133,1.3703703703703702,test
356852370,4.481481481481481,test
348791523,5.481481481481481,test
412308147,1.0,test
412057485,1.3703703703703702,test
thread_11018093_رانندگی_1402/02/15 12:48,4.0,test
332197925,5.0,test
402712601,1.0,test
thread_11050893_مدیراستارتر_1402/02/19 19:09,3.0,test
333639726,2.0,test
thread_17918129_starter,7.111111111111111,test
347940985,4.37037037037037,test
thread_13234836_starter,5.481481481481481,test
353724019,4.111111111111111,test
thread_13126293_paradise__blossom_1402/12/08 13:34,4.37037037037037,test
thread_14175165_starter,7.0,test
400323089,1.0,test
411337025,1.0,test
400310806,1.0,test
413002855,1.0,test
thread_15764177_starter,8.74074074074074,test
413869690,1.0,test
thread_11722190_starter,3.0,test
thread_14710991_starter,6.629629629629629,test
398998685,2.0,test
thread_16339612_starter,6.7407407407407405,test
404921583,2.7407407407407405,test
354063237,1.0,test
297556559,3.3703703703703702,test
394751335,1.0,test
351133030,6.7407407407407405,test
thread_17667077_starter,3.3703703703703702,test
thread_8570985_تاااارا_1401/02/10 04:10,1.0,test
411594562,5.37037037037037,test
thread_17396111_starter,6.370370370370369,test
380872414,1.0,test
thread_17858423_starter,8.0,test
404797947,3.111111111111111,test
413928523,1.0,test
307398355,2.3703703703703702,test
thread_17975976_starter,6.0,test
332408758,4.37037037037037,test
284918386,1.3703703703703702,test
254933030,3.0,test
387996343,3.740740740740741,test
349656682,1.3703703703703702,test
thread_18140156_starter,5.7407407407407405,test
378070287,1.0,test
407060872,3.740740740740741,test
356411527,1.3703703703703702,test
356140809,5.0,test
299808556,4.7407407407407405,test
thread_18139288_starter,6.0,test
412754051,1.0,test
thread_18018715_starter,4.0,test
325145497,1.0,test
342566956,7.0,test
thread_6421102_ماهلیا_1400/02/16 04:20,3.0,test
353721082,1.6296296296296298,test
413742082,1.0,test
thread_15851205_starter,7.370370370370369,test
366351769,1.3703703703703702,test
thread_14116984_starter,6.0,test
383282577,5.0,test
329040475,6.0,test
397510706,4.0,test
405692122,1.3703703703703702,test
thread_14421126_starter,5.0,test
thread_7574999_banou_909_1400/08/15 21:02,7.0,test
356277563,8.0,test
352773250,4.111111111111111,test
342608818,1.0,test
thread_13682518_starter,5.0,test
317748605,2.0,test
320398633,4.7407407407407405,test
thread_14330545_starter,2.0,test
thread_17183136_starter,7.0,test
364819699,3.0,test
313818887,2.7407407407407405,test
396708197,1.0,test
413948377,1.0,test
344160529,1.6296296296296298,test
thread_12906425_starter,6.0,test
356016359,1.3703703703703702,test
383183076,1.6296296296296298,test
362297506,2.111111111111111,test
413950589,1.0,test
339327674,1.0,test
thread_18142065_starter,3.3703703703703702,test
403866940,1.7407407407407407,test
413881156,1.6296296296296298,test
thread_11937770_روغن_کرچک_1402/06/11 04:07,1.7407407407407407,test
341383559,1.0,test
thread_6421102_ferida_kahlo_1400/02/16 04:29,1.3703703703703702,test
413107989,1.0,test
266915312,6.0,test
413933415,1.0,test
412515195,1.3703703703703702,test
386770473,1.0,test
413837632,4.0,test
378229233,4.111111111111111,test
thread_7611913_سوفیام966_1400/08/22 14:02,1.0,test
326342450,2.0,test
330695821,6.0,test
394069566,1.0,test
392845635,7.111111111111111,test
384503719,1.0,test
410902729,1.3703703703703702,test
401347774,1.0,test
412024546,1.0,test
382717062,1.0,test
thread_17562526_starter,8.74074074074074,test
thread_8880277_توییتی۱۳۷۰۱۳۹۷_1401/05/14 01:35,5.0,test
345234251,1.6296296296296298,test
thread_18139798_starter,4.7407407407407405,test
413468897,4.0,test
353292460,1.6296296296296298,test
404349832,4.0,test
thread_15030375_starter,5.0,test
362743486,1.6296296296296298,test
409859268,3.0,test
412173161,2.3703703703703702,test
thread_9622949_starter,5.0,test
404479373,1.0,test
thread_16843795_starter,3.0,test
360116850,1.0,test
375999049,4.0,test
280457835,1.0,test
409651712,1.0,test
thread_15711932_starter,7.0,test
375782229,7.370370370370369,test
thread_9485660_فاطمه_هستم_۲۳__1401/07/19 14:01,1.3703703703703702,test
358822961,3.111111111111111,test
336891669,5.0,test
thread_10473889_starter,6.0,test
405919454,2.0,test
411875954,6.0,test
267262484,5.0,test
thread_14662777_starter,8.37037037037037,test
413938097,1.0,test
thread_6215718_مانلی۴۴۴_1400/01/17 12:51,5.37037037037037,test
413948772,1.0,test
390753009,1.6296296296296298,test
thread_7464820_shanli66_1400/07/26 21:21,1.0,test
403905544,5.111111111111111,test
381161064,6.0,test
409973689,1.7407407407407407,test
271263144,1.0,test
413967427,6.481481481481481,test
279402952,1.0,test
thread_14620497_starter,2.0,test
268736106,1.0,test
352163544,9.0,test
thread_14967521_starter,4.7407407407407405,test
409551727,2.0,test
thread_14147541_starter,7.0,test
371791590,3.0,test
332746248,3.0,test
380905850,1.0,test
298843250,3.0,test
395449702,1.6296296296296298,test
294911042,4.0,test
370148436,1.0,test
370924425,1.0,test
375682901,5.111111111111111,test
363489940,1.0,test
320391940,4.37037037037037,test
thread_15363698_starter,4.62962962962963,test
413949119,3.0,test
407973491,9.0,test
355937151,3.0,test
thread_18119187_starter,3.740740740740741,test
353563808,6.7407407407407405,test
thread_17327615_starter,5.481481481481481,test
320382438,1.0,test
326580054,7.0,test
331731875,5.999999999999999,test
thread_17479236_starter,6.0,test
412954330,6.0,test
401177257,6.0,test
413960778,1.6296296296296298,test
332193338,4.0,test
374694608,1.6296296296296298,test
thread_16571722_starter,7.0,test
330927592,1.0,test
thread_9867012_منیرای_1401/09/21 20:25,1.0,test
346602295,1.0,test
thread_11488172_starter,5.37037037037037,test
thread_11900475_starter,3.3703703703703702,test
382750075,4.0,test
413157558,1.0,test
369270193,3.0,test
308390627,4.0,test
280163622,1.7407407407407407,test
411606821,2.7407407407407405,test
thread_8408022_mamandibba_1401/01/13 12:12,4.111111111111111,test
411338403,1.0,test
406154950,1.7407407407407407,test
412505176,1.7407407407407407,test
thread_15885938_starter,8.11111111111111,test
thread_13279651_starter,5.0,test
395720471,1.0,test
thread_8180526_ياس۶۶۷۷_1400/12/01 12:44,4.0,test
408880981,3.6296296296296298,test
380871303,1.0,test
thread_13552822_starter,7.111111111111111,test
410568779,3.111111111111111,test
379946879,4.0,test
339392745,1.0,test
thread_10932921_هرماینی_ویزلی_1402/02/04 22:48,1.0,test
377584533,5.0,test
thread_12296938_starter,8.11111111111111,test
353050687,2.0,test
396498739,5.0,test
412888865,1.3703703703703702,test
307310229,3.740740740740741,test
413486404,6.0,test
413688208,2.0,test
thread_18124999_starter,4.0,test
396991056,3.0,test
413959650,1.0,test
339254762,1.6296296296296298,test
318483100,1.6296296296296298,test
375167592,6.481481481481481,test
thread_17973162_starter,5.0,test
365884744,1.0,test
381294765,1.3703703703703702,test
297590018,3.3703703703703702,test
358531905,6.481481481481481,test
386067492,1.0,test
thread_11497657_starter,3.0,test
thread_17093652_starter,8.0,test
thread_18101157_starter,4.481481481481481,test
thread_15536159_starter,6.0,test
thread_13235657_bamin_1402/12/24 19:26,2.3703703703703702,test
413414618,1.3703703703703702,test
332209586,1.7407407407407407,test
thread_17464743_starter,6.0,test
304902732,1.3703703703703702,test
413488561,5.37037037037037,test
294426926,1.0,test
388599899,2.0,test
409818160,2.0,test
359952676,3.111111111111111,test
thread_17517109_starter,8.999999999999998,test
thread_9765695_سمنمن_1401/09/13 19:28,2.7407407407407405,test
thread_10614978_starter,4.0,test
334589798,2.0,test
397068790,5.0,test
thread_12329536_starter,7.74074074074074,test
380904363,3.3703703703703702,test
thread_9284614_starter,5.111111111111111,test
384485896,5.0,test
thread_12787540_starter,1.0,test
thread_13504806_starter,1.0,test
413031919,3.0,test
351716160,7.74074074074074,test
326343479,6.370370370370369,test
332322064,3.0,test
292792817,1.0,test
404917948,1.0,test
thread_16151654_starter,6.0,test
413936368,4.111111111111111,test
403031260,3.0,test
